unique_satellite_id,predicted_gateways,actual_gateway_id,assigned_cells,actual_cell_ids
5,"[0, 1]",2,"[49, 125, 24]","[87, 912, 1021, 1137, 1154, 1158, 1315, 1338, 1357, 1440, 2529, 2883, 3217, 3521, 3988, 4015, 4190]"
7,"[0, 1]",34,"[137, 140, 54]","[176, 274, 312, 345, 399, 416, 445, 512, 586, 723, 826, 837, 933, 976, 1012, 1163, 1173, 1235, 1248, 1255, 1321, 1655, 1658, 1667, 1716, 1754, 1766, 1828, 1865, 1898, 1912, 1929, 1988, 2134, 2169, 2215, 2392, 2403, 2452, 2477, 2548, 2568, 2594, 2598, 2635, 2685, 2696, 2703, 2898, 2961, 3023, 3077, 3082, 3136, 3177, 3178, 3266, 3304, 3323, 3332, 3339, 3342, 3344, 3398, 3675, 3721, 3733, 3831, 3865, 3918, 3951, 3960, 3993, 4056, 4127, 4135, 4186, 4187, 4207, 4214, 4231, 4259, 4263, 4267, 4273, 4318]"
8,"[0, 1]",29,"[148, 170, 61]","[92, 108, 148, 163, 212, 303, 375, 536, 598, 713, 732, 820, 865, 873, 1028, 1103, 1106, 1135, 1150, 1295, 1350, 1363, 1389, 1531, 1542, 1573, 1653, 1661, 1899, 1971, 2007, 2021, 2035, 2205, 2218, 2309, 2367, 2465, 2638, 2724, 2920, 2934, 2992]"
28,"[0, 1]",2,"[343, 354, 349]","[144, 347, 483, 730, 1081, 1192, 1317, 1428, 1987, 2034, 2144, 2643, 3403, 3560, 3999, 4567]"
29,"[0, 1]",21,"[414, 421, 384]","[14, 86, 111, 231, 273, 302, 323, 348, 446, 550, 562, 613, 645, 663, 706, 894, 948, 1002, 1091, 1114, 1127, 1134, 1161, 1181, 1237, 1239, 1541, 1581, 1582, 1608, 1619, 1684, 1886, 1902, 1906, 1926, 1934, 1964, 2013, 2148, 2153, 2192, 2236, 2435, 2457, 2557, 2596, 2636, 2642, 2654, 2655, 2731, 2782, 2818, 2895, 3025, 3072, 3091, 3108, 3146, 3149, 3215, 3236, 3239, 3326, 3426, 3445, 3530, 3607, 3667, 3677, 3739, 3791, 3805, 3853, 3854, 3902, 3903, 4017, 4030, 4033, 4254, 4320, 4329]"
30,"[0, 1]",53,"[459, 474, 433]","[1, 13, 110, 264, 330, 340, 365, 376, 377, 381, 437, 543, 566, 614, 656, 666, 687, 698, 710, 740, 832, 920, 944, 963, 1132, 1147, 1191, 1249, 1273, 1418, 1425, 1650, 1715, 1749, 1769, 1794, 1803, 1919, 1979, 2024, 2086, 2101, 2114, 2128, 2159, 2342, 2381, 2397, 2500, 2521, 2558, 2648, 2653, 2723, 2753, 2858, 2974, 3037, 3049, 3068, 3084, 3145, 3227, 3307, 3481, 3544, 3549, 3622, 3707, 3716, 3944, 4004, 4018, 4020, 4055, 4099, 4250, 4353, 4402, 4447, 4480, 4490, 4516]"
51,"[0, 1]",8,"[897, 899, 729]","[2715, 2751, 2913, 2976, 3007, 3031, 3066, 3079, 3089, 3093, 3125, 3179, 3199, 3220, 3262, 3352, 3411, 3456, 3540, 3621, 3633, 3650, 3673, 3753, 3759, 3868, 3905, 3923, 4044, 4077, 4197, 4210, 4289, 4325, 4409, 4438, 4442, 4511, 4527, 4545, 4564]"
52,"[0, 1]",35,"[979, 984, 733]","[1155, 1341, 1362, 1513, 1515, 1578, 1703, 1706, 1782, 1868, 1925, 2100, 2160, 2251, 2318, 2415, 2815, 2843, 2984, 3098, 3120, 3240, 3263, 3287, 3452, 3488, 3548, 3591, 3685, 3727, 3832, 3940, 4010, 4069, 4114, 4240, 4277, 4279, 4290, 4328, 4423, 4509, 4554]"
53,"[0, 1]",14,"[986, 996, 783]","[60, 67, 136, 199, 226, 435, 468, 488, 591, 641, 649, 802, 891, 916, 978, 1001, 1063, 1107, 1109, 1212, 1217, 1335, 1360, 1395, 1516, 1566, 1601, 1611, 1660, 1709, 1733, 1839, 2152, 2242, 2277, 2288, 2450, 2673, 2721, 3593, 3735, 4074, 4446]"
74,"[0, 1]",9,"[1045, 1061, 851]","[131, 181, 204, 353, 395, 439, 534, 803, 829, 1060, 1085, 1130, 1213, 1266, 1492, 1587, 1690, 1707, 2326, 2470, 2580, 2652, 2910, 3172, 3329, 3340, 3930, 4367, 4374]"
75,"[0, 1]",4,"[1084, 1087, 852]","[28, 38, 45, 251, 278, 311, 339, 351, 360, 398, 428, 442, 444, 475, 522, 556, 561, 572, 629, 650, 720, 774, 819, 828, 881, 889, 915, 918, 1013, 1024, 1099, 1179, 1193, 1231, 1330, 1443, 1467, 1494, 1593, 1780, 2027, 2102, 2125, 2214]"
76,"[0, 1]",14,"[1113, 1124, 863]","[1864, 1992, 1995, 2020, 2254, 2321, 2369, 2431, 2469, 2519, 2525, 2534, 2545, 2561, 2686, 2698, 2851, 2893, 2932, 3209, 3375, 3447, 3464, 3469, 3538, 3576, 3577, 3583, 3623, 3789, 3932, 3962, 3968, 4048, 4091, 4164, 4183, 4185, 4292, 4315, 4348, 4372, 4421]"
96,"[0, 1]",2,"[1133, 1138, 951]","[1008, 1275, 1402, 1486, 1497, 1939, 2079, 2174, 2183, 3221, 3933, 4193, 4200, 4262, 4370, 4430]"
97,"[0, 1]",8,"[1151, 1178, 1027]","[78, 128, 220, 254, 369, 600, 632, 750, 761, 827, 846, 890, 946, 1004, 1005, 1083, 1139, 1227, 1262, 1371, 1433, 1538, 1639, 1777, 1787, 1820, 1946, 2010, 2257, 2331, 2340, 2541, 2583, 2585, 2659, 2714, 2803, 2848, 3283, 3427, 3438, 4257]"
98,"[0, 1]",19,"[1180, 1200, 1252]","[191, 304, 317, 364, 482, 578, 985, 1016, 1035, 1112, 1116, 1128, 1218, 1251, 1447, 1460, 1488, 1523, 1758, 1796, 1903, 1940, 2071, 2120, 2136, 2142, 2151, 2213, 2285, 2323, 2345, 2449, 2601, 2603, 2666, 2729, 2879, 2996, 3054, 3205, 3381, 3474, 3507, 3529, 3546, 3563, 3612, 3632, 3676, 3706, 3743, 4057, 4295, 4302, 4408, 4531, 4559]"
99,"[0, 1]",48,"[1219, 1222, 1272]","[834, 844, 852, 1603, 1688, 2253, 2807, 2816, 2940, 3297, 3358, 3597, 3624, 4049, 4050, 4096, 4424, 4500]"
119,"[0, 1]",40,"[1268, 1289, 1372]","[62, 593, 643, 907, 938, 1286, 1856, 1996, 2503, 2823, 3171, 3373, 3397, 3571, 3618, 3680, 3916, 4131, 4219, 4519]"
120,"[0, 1]",9,"[1309, 1331, 1442]","[58, 147, 207, 320, 523, 546, 648, 858, 1265, 1334, 1485, 1662, 1817, 1913, 2093, 2234, 2368, 2484, 2488, 2605, 2911, 3256, 3366, 3405, 3539, 3971, 4141, 4316]"
121,"[0, 1]",27,"[1333, 1365, 1517]","[101, 256, 294, 341, 402, 407, 443, 595, 697, 718, 776, 910, 972, 1185, 1320, 1340, 1410, 1502, 1725, 1821, 2089, 2225, 2373, 2382, 2429, 2458, 2516, 2745, 2820, 2827, 2861, 2885, 3039, 3053, 3295, 3401, 3432, 3701, 3709, 3811, 3915, 4067, 4073, 4085, 4175, 4202, 4331, 4339, 4433]"
122,"[0, 1]",28,"[1408, 1430, 1520]","[270, 790, 1764, 2411, 2589, 2945, 3601, 3602, 4396]"
142,"[0, 1]",3,"[1444, 1458, 1522]","[41, 361, 394, 715, 942, 1069, 1401, 1452, 1700, 1724, 1892, 2015, 2040, 2109, 2140, 2204, 2304, 2535, 2646, 2697, 3211, 3388, 3837, 3843, 3991, 4122, 4166, 4524]"
143,"[0, 1]",43,"[1548, 1549, 1532]","[15, 43, 70, 88, 104, 177, 188, 196, 200, 213, 258, 280, 299, 391, 510, 560, 603, 604, 639, 673, 825, 885, 887, 943, 970, 1022, 1102, 1159, 1197, 1226, 1301, 1406, 1479, 1802, 1891, 2167, 2572, 2573, 3242, 3319, 3367, 4384]"
144,"[0, 1]",1,"[1594, 1666, 1595]","[65, 157, 201, 223, 290, 297, 315, 373, 386, 401, 479, 486, 517, 580, 678, 736, 791, 863, 913, 1023, 1052, 1105, 1304, 1319, 1326, 1370, 1394, 1517, 1596, 1686, 1743, 1778, 1909, 1986, 2009, 2031, 2096, 2324, 2391, 2398, 2402, 2433, 2475]"
165,"[0, 1]",9,"[1672, 1683, 1603]","[279, 293, 504, 597, 742, 1029, 1079, 1225, 1400, 1627, 1629, 2187, 2640, 2699, 2790, 2808, 2887, 3046, 3086, 3092, 3517, 3710, 3786, 3967, 4024, 4109, 4150, 4218, 4377]"
166,"[0, 1]",43,"[1691, 1730, 1688]","[1951, 1955, 2002, 2080, 2276, 2393, 2480, 2482, 2507, 2574, 2732, 2764, 2805, 2831, 2839, 2850, 2864, 2978, 2991, 3040, 3206, 3246, 3258, 3309, 3328, 3362, 3368, 3417, 3436, 3502, 3532, 3537, 3561, 3752, 3768, 3851, 3989, 4072, 4107, 4170, 4221, 4427]"
167,"[0, 1]",48,"[1732, 1755, 1750]","[183, 642, 709, 1442, 2538, 2591, 2626, 3118, 3238, 3275, 3285, 3512, 3884, 4157, 4182, 4434, 4562]"
187,"[0, 1]",23,"[1762, 1763, 1752]","[22, 115, 146, 159, 469, 559, 793, 859, 1039, 1210, 1297, 1303, 1533, 1651, 1678, 1765, 1775, 1790, 1792, 1950, 1953, 2106, 2171, 2647, 2904, 2988, 3022, 3180, 3274, 3311, 3662, 3761, 3827, 4076, 4330, 4472]"
188,"[0, 1]",5,"[1804, 1812, 1757]","[2, 23, 99, 138, 387, 605, 961, 1090, 1143, 1893, 2155, 2440, 2513, 2616, 2726, 2919, 2933, 2990, 3103, 3321, 3345, 3592, 3682, 4023, 4199, 4457, 4478, 4534]"
189,"[0, 1]",30,"[1827, 1880, 1764]","[3, 10, 103, 166, 175, 225, 237, 238, 266, 390, 404, 457, 494, 520, 563, 581, 606, 625, 685, 751, 814, 823, 1172, 1307, 1453, 1470, 1505, 1580, 1590, 1610, 1623, 1665, 1695, 1806, 2045, 2069, 2092, 2170, 2250, 2252, 2314, 2348, 2366, 2418, 2441, 2473, 2498, 2537, 2590, 2592, 2602, 2625, 2627, 2629, 2678, 2760, 2774, 2796, 2856, 2870, 2902, 2962, 2966, 3261, 3294, 3501, 3542, 3609, 3702, 3814, 3821, 3825, 3864, 3877, 3922, 3994, 3998, 4059, 4137, 4155, 4236, 4304, 4521, 4551, 4552, 4568]"
190,"[0, 1]",28,"[1894, 1928, 1772]","[349, 384, 675, 2060, 3087, 3354, 3806, 4092, 4119]"
210,"[0, 1]",7,"[2007, 2028, 1822]","[2133, 2135, 2168, 2177, 2308, 2329, 2341, 2509, 2514, 2578, 2609, 2860, 2960, 3041, 3080, 3128, 3156, 3159, 3254, 3308, 3349, 3431, 3499, 3500, 3547, 3606, 3900, 4016, 4043, 4121, 4146, 4260, 4308, 4392, 4417, 4456, 4476, 4487, 4525, 4536, 4541]"
211,"[0, 1]",40,"[2029, 2038, 1904]","[149, 382, 628, 630, 1053, 1199, 1242, 1435, 1521, 1545, 1567, 1761, 2272, 3222, 3391, 3433, 3455, 3457, 3745, 4000, 4359]"
213,"[0, 1]",28,"[2063, 2097, 2012]","[229, 447, 908, 1557, 1624, 2812, 3010, 3901, 3911, 4181]"
233,"[0, 1]",23,"[2110, 2207, 2127]","[63, 236, 363, 424, 542, 676, 734, 1093, 1096, 1306, 1413, 1481, 1537, 1605, 1721, 1801, 1819, 1859, 2209, 2222, 2387, 2454, 2481, 2566, 2582, 2663, 2707, 2873, 3014, 3083, 3207, 3269, 3280, 3300, 3357, 3460, 3584, 3718, 3819, 3966, 4031, 4203, 4265, 4336, 4383, 4453, 4489, 4532]"
234,"[0, 1]",6,"[2267, 2310, 2131]","[31, 35, 109, 124, 141, 260, 286, 305, 392, 396, 409, 410, 493, 496, 515, 531, 551, 621, 674, 702, 855, 926, 940, 981, 1014, 1047, 1259, 1518, 1873, 1885, 1887, 1896, 1910, 1965, 2064, 2163, 2217, 2287, 2298, 2303, 2334]"
235,"[0, 1]",19,"[2333, 2364, 2226]","[210, 267, 333, 388, 849, 878, 1125, 1136, 1367, 1374, 1641, 1837, 1860, 2149, 2689, 2735, 3425, 3615, 3639, 3661, 3873, 3886, 3945, 4162, 4173, 4356, 4406, 4440, 4565]"
256,"[0, 1]",5,"[2372, 2395, 2229]","[11, 112, 119, 127, 158, 178, 259, 575, 1207, 1276, 1633, 2059, 2335, 2953, 2956, 3203, 3267, 3483, 3489, 3579, 3665, 3764, 3829, 3849, 3879, 4045, 4046, 4217]"
257,"[0, 1]",6,"[2412, 2253]","[2444, 2459, 2542, 2546, 2740, 2779, 2784, 2810, 2854, 2874, 3000, 3057, 3058, 3063, 3185, 3192, 3260, 3331, 3337, 3413, 3416, 3526, 3565, 3569, 3692, 3760, 3828, 3834, 3845, 3861, 3893, 3899, 3961, 3986, 4005, 4037, 4041, 4239, 4351, 4405, 4458, 4537, 4542]"
258,"[0, 1]",28,"[2447, 2271]","[61, 1750, 2317, 2739, 2852, 2917, 2972, 3190, 3726]"
278,"[0, 1]",41,"[2455, 2317]","[289, 291, 526, 558, 665, 727, 872, 993, 1422, 1436, 1530, 1874, 1884, 1993, 2196, 2299, 2409, 2522, 2524, 2533, 2690, 2925, 3027, 3147, 3173, 3959, 4307, 4502]"
279,"[0, 1]",12,"[2532, 2328]","[64, 89, 123, 172, 287, 295, 346, 359, 371, 490, 509, 541, 660, 864, 888, 905, 914, 995, 1020, 1263, 1302, 1311, 1314, 1421, 1432, 1500, 1501, 1556, 1565, 1675, 1681, 1729, 1759, 1811, 1832, 1862, 1947, 1975, 2088, 2103, 2130]"
280,"[0, 1]",33,"[2617, 2411]","[30, 53, 74, 208, 211, 214, 239, 277, 298, 484, 749, 760, 780, 785, 955, 971, 1095, 1098, 1156, 1157, 1160, 1202, 1220, 1256, 1308, 1364, 1379, 1448, 1484, 1519, 1723, 1727, 1798, 1961, 1977, 2006, 2044, 2058, 2081, 2087, 2124, 2175, 2244, 2359, 2410, 2476, 2547, 2649, 2716, 2768, 2795, 2809, 2880, 2889, 2892, 2937, 3132, 3135, 3233, 3259, 3322, 3330, 3364, 3435, 3480, 3487, 3551, 3614, 3635, 3636, 3695, 3751, 3790, 3852, 3970, 3974, 3983, 3990, 4075, 4103, 4191, 4222, 4389, 4412, 4499]"
281,"[0, 1]",28,"[2656, 2538]","[1595, 1808, 1904, 2741, 2793, 3016, 3700, 3763, 3987, 4025]"
301,"[0, 1]",18,"[2657, 2563]","[68, 71, 102, 186, 336, 499, 552, 602, 637, 640, 705, 735, 1065, 1240, 1282, 1543, 1576, 1613, 1616, 1652, 2036, 2194, 2453, 2747, 2763, 2926, 2951, 2952, 3104, 3163, 3176, 3303, 3536, 3573, 3603, 3646, 3683, 3783, 4032, 4117, 4124, 4388, 4543]"
302,"[0, 1]",3,"[2668, 2593]","[42, 540, 618, 682, 779, 848, 861, 1031, 1176, 1187, 1480, 1506, 1598, 1680, 1814, 1848, 2325, 2353, 2675, 2938, 2950, 3015, 3379, 3470, 3473, 3647, 3985, 4066]"
303,"[0, 1]",31,"[2676, 2626]","[9, 17, 59, 307, 400, 503, 508, 565, 577, 679, 716, 721, 746, 765, 770, 777, 788, 862, 923, 927, 928, 966, 991, 1041, 1077, 1215, 1241, 1244, 1250, 1253, 1277, 1455, 1469, 1477, 1489, 1563, 1615, 1640, 1869, 1871, 1901, 1907, 1973, 2094, 2104, 2292, 2350, 2371, 2416, 2555, 2569, 2606, 2927, 2947, 3002, 3130, 3170, 3181, 3196, 3231, 3341, 3399, 3423, 3450, 3629, 3644, 3689, 3725, 3732, 3774, 3781, 3817, 3820, 3890, 3892, 4001, 4143, 4152, 4272, 4357, 4501, 4515, 4535, 4553]"
304,"[0, 1]",28,"[2679, 2739]","[261, 672, 1284, 1398, 2556, 2644, 3952, 4278, 4298, 4390]"
324,"[0, 1]",41,"[2794, 2773]","[8, 206, 853, 1019, 1429, 1991, 2032, 2048, 2116, 2203, 2237, 2274, 2352, 2607, 2628, 2651, 2756, 3044, 3152, 3153, 3383, 3657, 3830, 3891, 3895, 4116, 4294, 4444]"
325,"[0, 1]",12,"[2813, 2776]","[2139, 2201, 2302, 2322, 2327, 2354, 2358, 2383, 2386, 2442, 2530, 2682, 2712, 2717, 2837, 3036, 3064, 3197, 3305, 3314, 3378, 3394, 3414, 3444, 3574, 3664, 3748, 3766, 3770, 3835, 3882, 3936, 3997, 4106, 4112, 4229, 4235, 4264, 4300, 4360, 4376, 4385, 4470, 4477, 4512]"
326,"[0, 1]",28,"[2830, 2780]","[851, 1522, 1757, 2131, 2226, 2423, 2776, 3085, 3441, 3926]"
347,"[0, 1]",11,"[2878, 2816]","[98, 129, 156, 284, 319, 322, 329, 524, 544, 585, 626, 646, 653, 725, 768, 775, 811, 854, 917, 932, 999, 1073, 1153, 1188, 1221, 1310, 1346, 1348, 1354, 1373, 1473, 1474, 1525, 1539, 1552, 1592, 1698, 1740, 1795, 1962, 1983, 2050, 2078, 2145, 2216, 2228, 2320, 2436, 2472, 2502, 2508, 2527, 2618, 2630, 2633, 2645, 2662, 2742, 3073, 3244, 3270, 3299, 3385, 3496, 3541, 3553, 3668, 3698, 3720, 3846, 3919, 4038, 4104, 4144, 4149, 4276, 4288, 4312, 4395, 4481, 4497, 4540]"
348,"[0, 1]",22,"[2936, 2819]","[52, 66, 82, 90, 105, 153, 202, 271, 272, 426, 458, 539, 557, 579, 661, 726, 758, 810, 1059, 1110, 1184, 1288, 1336, 1351, 1377, 1547, 1625, 1735, 1737, 1776, 1809, 1829, 1835, 1846, 1882, 1978, 1981, 2019, 2164, 2173, 2179, 2263, 2374, 2408, 2413, 2420, 2422, 2430, 2462, 2463, 2468, 2489, 2492, 2564, 2570, 2778, 2855, 2891, 2929, 2969, 2970, 3102, 3107, 3144, 3229, 3253, 3317, 3506, 3528, 3585, 3666, 3674, 3681, 3755, 3858, 3925, 3946, 3981, 4027, 4034, 4154, 4399, 4483, 4530]"
349,"[0, 1]",27,"[2965, 2852]","[275, 425, 714, 806, 841, 843, 929, 967, 1018, 1042, 1057, 1305, 1383, 1609, 1797, 1854, 1872, 2178, 2283, 2405, 2706, 3028, 3059, 3139, 3200, 3255, 3289, 3669, 3787, 4052, 4064, 4303, 4369, 4435, 4482, 4484]"
370,"[0, 1]",38,"[3191, 2972]","[452, 1149, 1768, 2270, 2404, 2438, 2486, 2544, 2641, 2670, 2693, 2734, 2833, 2869, 2924, 2989, 3004, 3008, 3140, 3142, 3230, 3279, 3290, 3291, 3325, 3434, 3659, 3717, 3738, 3750, 3767, 3794, 3949, 4140, 4205, 4213, 4415, 4429, 4503, 4505, 4507, 4533]"
371,"[0, 1]",25,"[3223, 3085]","[121, 167, 241, 356, 370, 418, 455, 489, 497, 549, 573, 619, 624, 696, 700, 743, 786, 809, 937, 1051, 1287, 1329, 1561, 1631, 1800, 1824, 1851, 1861, 1920, 1930, 1937, 1984, 2014, 2037, 2095, 2141, 2172, 2181, 2233, 2339, 2400, 2460, 2608, 2660, 2695, 2708, 2718, 2772, 2838, 2867, 2993, 2995, 3065, 3138, 3143, 3151, 3273, 3372, 3410, 3467, 3543, 3594, 3600, 3608, 3610, 3740, 3778, 3795, 3818, 3856, 3866, 3880, 3913, 4021, 4228, 4241, 4244, 4296, 4332, 4419, 4450, 4468, 4548]"
372,"[0, 1]",48,"[3224, 3116]","[787, 906, 1027, 1272, 1359, 1752, 1772, 2328, 2563, 2857, 3114, 3920, 3982, 4249, 4305, 4366, 4549]"
392,"[0, 1]",18,"[3386, 3354]","[192, 352, 413, 422, 449, 654, 737, 958, 1086, 1131, 1380, 1384, 1527, 1697, 1746, 1756, 1858, 2082, 2249, 2388, 2427, 2456, 2504, 2586, 2614, 2634, 2671, 2777, 2791, 2982, 2997, 3129, 3278, 3333, 3503, 3596, 3654, 3658, 3756, 4094, 4243, 4349, 4556]"
394,"[0, 1]",4,"[3451, 3358]","[2076, 2180, 2279, 2362, 2389, 2407, 2424, 2497, 2560, 2562, 2610, 2620, 2761, 2835, 2877, 3096, 3193, 3312, 3316, 3424, 3559, 3652, 3655, 3672, 3704, 3729, 3744, 3808, 3816, 3907, 3908, 3965, 4063, 4098, 4100, 4120, 4226, 4341, 4462, 4469, 4473]"
395,"[0, 1]",28,"[3463, 3462]","[54, 438, 733, 951, 1520, 1822, 2587, 4040, 4086]"
415,"[0, 1]",44,"[3604, 3602]","[1648, 1793, 1818, 1833, 1845, 1866, 1877, 1923, 1990, 2054, 2123, 2165, 2315, 2426, 2567, 2674, 2687, 2701, 2754, 2863, 3019, 3033, 3109, 3110, 3117, 3471, 3493, 3627, 3679, 3703, 3980, 4053, 4070, 4101, 4176, 4282, 4291, 4393, 4491, 4508, 4528, 4529]"
416,"[0, 1]",10,"[3619, 3605]","[19, 26, 97, 118, 162, 282, 378, 415, 461, 473, 567, 576, 592, 693, 772, 801, 805, 871, 874, 879, 990, 1100, 1117, 1142, 1182, 1201, 1243, 1274, 1280, 1356, 1450, 1569, 1585, 1607, 1642, 1668, 1738, 1826, 1849, 1855, 2025, 2090, 2223, 2238, 2248, 2273, 2293, 2539, 2713, 2722, 2788, 2829, 2923, 2963, 2973, 2977, 3056, 3069, 3169, 3245, 3286, 3348, 3380, 3389, 3421, 3461, 3511, 3656, 3741, 3746, 3780, 3897, 3937, 3939, 3963, 3996, 4139, 4178, 4208, 4258, 4281, 4410, 4526, 4538]"
417,"[0, 1]",16,"[3705, 3700]","[33, 55, 143, 193, 215, 219, 222, 242, 263, 318, 467, 583, 612, 616, 647, 671, 691, 712, 752, 763, 900, 1122, 1261, 1368, 1381, 1409, 1445, 1466, 1564, 1568, 1612, 1689, 1693, 1701, 1717, 1751, 1813, 1915, 1944, 1949, 1959, 1966, 1969, 2026, 2051, 2154, 2186, 2189, 2199, 2200, 2240, 2284, 2295, 2300, 2313, 2394, 2437, 2464, 2531, 2730, 2785, 2859, 2899, 3067, 3075, 3106, 3124, 3127, 3361, 3454, 3516, 3620, 3857, 3883, 3885, 3906, 4192, 4209, 4247, 4337, 4338, 4344, 4401, 4428, 4449, 4566]"
418,"[0, 1]",28,"[3714, 3726]",[959]
438,"[0, 1]",45,"[3978, 3926]","[268, 358, 528, 547, 594, 659, 677, 778, 808, 812, 860, 989, 1007, 1064, 1111, 1144, 1164, 1167, 1257, 1269, 1296, 1451, 1483, 1562, 1626, 1643, 1654, 1702, 1736, 1739, 1853, 1889, 1890, 1941, 1967, 1989, 2053, 2056, 2061, 2191, 2282, 2336, 2451, 2466, 2511, 2515, 2658, 2691, 2757, 2767, 2802, 2894, 2912, 2915, 2946, 2980, 3009, 3026, 3048, 3055, 3078, 3094, 3119, 3195, 3208, 3213, 3302, 3365, 3484, 3531, 3800, 3927, 4007, 4014, 4019, 4039, 4080, 4179, 4189, 4255, 4261, 4270, 4284, 4311]"
439,"[0, 1]",47,"[4062, 3975]","[69, 283, 300, 430, 492, 590, 694, 795, 1010, 1478, 1508, 1534, 1558, 1656, 1834, 1878, 2421, 2552, 2576, 2581, 2719, 2736, 2783, 2998, 3123, 3186, 3404, 3442, 3485, 3486, 3568, 3708, 3917, 3948, 4079, 4090, 4145, 4169, 4285, 4365, 4411]"
440,"[0, 1]",1,"[4095, 3982]","[1463, 2487, 2505, 2517, 2680, 2797, 2801, 2928, 2948, 2967, 2971, 3030, 3045, 3047, 3100, 3111, 3116, 3133, 3165, 3167, 3175, 3189, 3210, 3237, 3247, 3298, 3313, 3320, 3343, 3393, 3478, 3495, 3670, 3762, 3964, 3969, 4138, 4234, 4286, 4363, 4382, 4454, 4557]"
461,"[0, 1]",32,"[4153, 4086]","[51, 150, 155, 314, 324, 419, 423, 441, 462, 472, 480, 501, 615, 633, 739, 799, 842, 867, 921, 939, 1032, 1048, 1049, 1067, 1076, 1169, 1236, 1260, 1369, 1462, 1546, 1669, 1682, 1692, 1774, 1830, 1958, 2043, 2146, 2220, 2301, 2346, 2377, 2446, 2549, 2553, 2579, 2876, 2886, 2888, 2941, 2958, 3034, 3121, 3134, 3150, 3183, 3184, 3265, 3315, 3338, 3392, 3428, 3429, 3524, 3588, 3643, 3715, 3722, 3788, 3863, 3872, 3875, 3910, 4006, 4147, 4156, 4159, 4168, 4268, 4317, 4345, 4355, 4426]"
462,"[0, 1]",50,"[4180, 4092]","[79, 171, 197, 217, 233, 235, 481, 609, 636, 857, 930, 947, 964, 1070, 1082, 1195, 1417, 1807, 1968, 2290, 2312, 2692, 2766, 2882, 2942, 2986, 3126, 3504, 3514, 3558, 3630, 3713, 3736, 3776, 3812, 3850, 4111, 4133, 4322, 4368, 4400]"
463,"[0, 1]",48,"[4188, 4096]","[24, 80, 95, 113, 292, 368, 463, 707, 794, 1252, 1532, 2012, 2127, 2632, 2819, 2907, 3605, 3697]"
484,"[0, 1]",17,"[4314, 4249]","[18, 169, 180, 216, 262, 393, 477, 487, 513, 525, 635, 708, 731, 845, 1104, 1141, 1145, 1194, 1198, 1278, 1322, 1344, 1420, 1490, 1617, 1618, 1696, 1710, 1760, 1844, 1850, 1857, 1895, 2016, 2230, 2231, 2243, 2245, 2260, 2269, 2338, 2370, 2551, 2677, 2681, 2746, 2826, 2853, 2866, 2881, 2944, 3051, 3052, 3099, 3162, 3168, 3194, 3204, 3264, 3288, 3382, 3390, 3453, 3475, 3497, 3518, 3566, 3642, 3648, 3860, 3921, 3934, 3935, 3941, 3979, 4042, 4081, 4088, 4198, 4346, 4379, 4397, 4451, 4547]"
485,"[0, 1]",50,"[4350, 4305]","[243, 342, 530, 711, 717, 756, 804, 922, 945, 949, 988, 1376, 1510, 1540, 1799, 1994, 2049, 2077, 2351, 2417, 2434, 2554, 2637, 2759, 2804, 2834, 2872, 2897, 2905, 2954, 3032, 3158, 3281, 3324, 3415, 3734, 4158, 4223, 4274, 4301, 4373, 4387, 4432, 4494]"
486,"[0, 1]",48,"[4380, 4362]","[265, 281, 433, 690, 729, 782, 783, 1372, 2229, 2271, 2593, 2773, 2780, 3462, 3975, 4204, 4362]"
507,"[0, 1]",42,[4466],"[5, 46, 50, 134, 135, 184, 246, 306, 357, 385, 389, 411, 545, 571, 755, 856, 957, 1036, 1058, 1089, 1165, 1228, 1290, 1318, 1353, 1355, 1399, 1403, 1426, 1475, 1503, 1536, 1575, 1713, 1728, 1805, 1888, 1938, 1963, 1999, 2023, 2190, 2262, 2496, 2612, 2615, 2631, 2769, 2775, 2862, 2939, 2981, 2987, 3042, 3050, 3061, 3062, 3071, 3090, 3131, 3155, 3439, 3477, 3519, 3535, 3552, 3554, 3625, 3678, 3712, 3793, 3809, 3838, 3871, 3929, 4142, 4195, 4237, 4271, 4340, 4420, 4436, 4455, 4479]"
508,"[0, 1]",29,[4471],"[327, 440, 610, 745, 909, 997, 1664, 2137, 2212, 2319, 2380, 2728, 3020, 3021, 3214, 3292, 3301, 3363, 3369, 3386, 3430, 3437, 3446, 3505, 3523, 3525, 3589, 3616, 3649, 3651, 3684, 3696, 3754, 3773, 3888, 3972, 4022, 4082, 4125, 4160, 4216, 4238, 4513, 4518]"
509,"[0, 1]",28,[4520],"[1119, 1785, 2129, 2376, 2528, 2705, 2710, 3660, 3977]"
530,"[0, 1]",37,"[316, 321, 270]","[173, 224, 326, 465, 903, 1209, 1337, 1397, 1482, 1544, 1602, 1604, 1657, 1673, 1744, 1810, 1935, 2066, 2098, 2349, 2396, 2401, 2478, 2510, 2520, 2599, 2611, 2639, 2762, 2875, 2959, 2968, 3277, 3449, 3534, 3730, 3796, 3889, 4136, 4293, 4335, 4452]"
531,"[0, 1]",26,"[335, 338, 281]","[20, 37, 73, 93, 205, 221, 276, 372, 406, 456, 470, 485, 495, 505, 601, 607, 748, 821, 831, 870, 911, 968, 983, 1118, 1214, 1216, 1233, 1291, 1327, 1382, 1459, 1468, 1529, 1550, 1734, 1836, 1911, 1945, 2011, 2055, 2184, 2198, 2239, 2291, 2306, 2425, 2597, 2623, 2709, 2798, 2811, 2901, 2979, 3161, 3284, 3353, 3359, 3377, 3479, 3510, 3513, 3581, 3645, 3653, 3663, 3699, 3724, 3826, 3898, 3950, 3955, 4058, 4087, 4118, 4165, 4174, 4194, 4206, 4327, 4347, 4443, 4460, 4461, 4475, 4492]"
553,"[0, 1]",13,"[877, 883, 707]","[57, 75, 182, 244, 869, 1638, 1779, 2161, 2613, 2794, 3508, 3723, 3822, 3904, 4196, 4378]"
576,"[0, 1]",13,"[1017, 1028, 790]","[451, 529, 1009, 1121, 1589, 1622, 1671, 1722, 2737, 2846, 2916, 3081, 3223, 3225, 3346, 4167, 4253]"
1341,"[0, 1]",41,"[2724, 2741]","[6, 145, 194, 511, 569, 588, 1054, 1584, 1636, 1917, 1942, 1957, 2005, 2030, 2115, 2379, 2738, 2744, 2750, 2931, 2949, 3122, 3216, 3409, 3777, 3992, 4232, 4439]"
1364,"[0, 1]",38,"[2841, 2793]","[160, 164, 230, 332, 623, 638, 644, 797, 833, 875, 924, 952, 960, 965, 1050, 1123, 1140, 1166, 1206, 1223, 1324, 1339, 1349, 1385, 1412, 1424, 1454, 1579, 1679, 1712, 1789, 1831, 1918, 1952, 1970, 1982, 1998, 2001, 2004, 2107, 2197, 2261, 2305]"
1386,"[0, 1]",7,"[3013, 2857]","[48, 56, 84, 94, 203, 227, 247, 337, 367, 478, 519, 533, 652, 662, 684, 689, 817, 994, 1000, 1015, 1056, 1168, 1171, 1343, 1423, 1434, 1551, 1572, 1632, 1663, 1674, 1783, 1838, 1843, 1876, 1921, 1931, 1943, 2022, 2039, 2067, 2084]"
1387,"[0, 1]",49,"[3060, 2917]","[36, 126, 142, 151, 431, 450, 471, 568, 741, 757, 886, 962, 974, 1003, 1006, 1097, 1101, 1108, 1230, 1281, 1431, 1456, 1464, 1465, 1504, 1577, 1591, 1747, 1781, 1786, 2008, 2017, 2065, 2085, 2138, 2188, 2206, 2224, 2241, 2286, 2296]"
1388,"[0, 1]",36,"[3141, 2945]","[250, 695, 762, 824, 1080, 1186, 1614, 1704, 1883, 1976, 1985, 2176, 2337, 2347, 2419, 2550, 2600, 2604, 2683, 2964, 3336, 3719, 3862, 3878, 3881, 4051, 4105, 4230]"
1409,"[0, 1]",39,"[3252, 3275]","[16, 34, 81, 96, 100, 122, 168, 190, 234, 255, 257, 309, 310, 403, 420, 491, 582, 738, 754, 798, 818, 898, 904, 987, 998, 1183, 1298, 1352, 1405, 1449, 1495, 1507, 1559, 1571, 1606, 1630, 1649, 1879, 1936, 1948, 2789, 3792]"
1410,"[0, 1]",44,"[3296, 3285]","[114, 132, 154, 240, 248, 288, 374, 527, 596, 620, 703, 896, 925, 935, 969, 1247, 1294, 1300, 1328, 1378, 1386, 1415, 1416, 1441, 1476, 1509, 1524, 1560, 2266, 2330, 2865, 3157, 3174, 3327, 3555, 3582, 3587, 3782, 3833, 3859, 4089]"
1411,"[0, 1]",36,"[3306, 3313]","[252, 417, 574, 686, 901, 1038, 1205, 1313, 1342, 1427, 1554, 1753, 1870, 2113, 2156, 2219, 2275, 2443, 2523, 2842, 3400, 3420, 3590, 3737, 3973, 4026, 4361, 4517]"
1432,"[0, 1]",51,"[3466, 3597]","[107, 130, 506, 664, 668, 838, 992, 1040, 1092, 1174, 1189, 1246, 1437, 1670, 1699, 1745, 2072, 2132, 2162, 2280, 2385, 2621, 2758, 2849, 3212, 3234, 3243, 3347, 3482, 3556, 3758, 3797, 4029, 4078, 4123, 4132, 4161, 4171, 4172, 4225, 4266, 4445, 4448]"
1434,"[0, 1]",36,"[3527, 3601]","[4, 25, 44, 344, 397, 460, 553, 767, 792, 839, 840, 1043, 1115, 1419, 1875, 2018, 2041, 2083, 2221, 2720, 2821, 2847, 3113, 3293, 3459, 3545, 4201, 4215, 4256, 4523]"
1454,"[0, 1]",2,"[3749, 3763]","[91, 919, 1203, 1232, 1283, 1514, 1815, 2332, 3637, 3638, 3690, 3807, 3823, 3912, 4184, 4211, 4280, 4510]"
1455,"[0, 1]",49,"[3771, 3806]","[2357, 2406, 2414, 2445, 2474, 2694, 2765, 2844, 2845, 2896, 2918, 2922, 3011, 3035, 3076, 3105, 3164, 3226, 3241, 3384, 3443, 3567, 3580, 3598, 3641, 3775, 3840, 3841, 3870, 3887, 3896, 3931, 3958, 4252, 4326, 4333, 4334, 4354, 4414, 4459, 4474, 4496]"
1456,"[0, 1]",52,"[3798, 3884]","[7, 39, 40, 106, 133, 187, 228, 253, 328, 380, 408, 436, 514, 516, 555, 570, 692, 704, 769, 781, 1204, 1258, 1270, 1323, 1393, 1446, 1472, 1487, 1512, 1535, 1634, 1694, 1708, 1720, 1742, 1788, 1881, 1905, 1922, 1974, 1997, 2195, 2210, 2258, 2343, 2378, 2384, 2479, 2543, 2595, 2619, 2667, 2700, 2727, 2836, 3017, 3018, 3097, 3148, 3218, 3228, 3232, 3396, 3407, 3448, 3491, 3498, 3557, 3564, 3631, 3765, 3867, 4003, 4008, 4013, 4028, 4115, 4283, 4313, 4358, 4431, 4437, 4493, 4495, 4539]"
1457,"[0, 1]",24,"[3855, 3920]","[85, 125, 195, 335, 474, 850, 877, 975, 1071, 1084, 1087, 1234, 1333, 1444, 1458, 1548, 1549, 1683, 1691, 1827, 1894, 1928, 2029, 2207, 2208, 2372, 2412, 2650, 2668, 2813, 2825, 2830, 2832, 3024, 3451, 3466, 3714, 3836, 4163, 4371, 4394, 4425]"
1477,"[0, 1]",40,"[4126, 3987]","[139, 165, 285, 587, 669, 722, 1072, 1312, 1770, 1960, 2307, 2665, 2669, 2871, 2975, 3112, 3198, 3476, 3494, 3824, 4321, 4386]"
1478,"[0, 1]",40,"[4128, 4025]","[32, 1224, 1299, 1705, 2000, 2289, 2297, 2493, 2575, 2792, 3248, 3251, 3419, 3465, 3640, 3693, 3813, 3874, 4287, 4550]"
1479,"[0, 1]",20,"[4134, 4040]","[0, 12, 269, 313, 518, 532, 627, 683, 784, 847, 880, 953, 977, 982, 1046, 1126, 1162, 1177, 1190, 1271, 1293, 1404, 1414, 1496, 1586, 1620, 1748, 1771, 2073, 2075, 2112, 2122, 2147, 2157, 2182, 2202, 2246, 2265, 2268, 2311, 2399, 2494, 2495, 2526, 2559, 2588, 2771, 2786, 2806, 2824, 2921, 2983, 2985, 3012, 3166, 3188, 3249, 3250, 3257, 3334, 3370, 3376, 3412, 3440, 3468, 3509, 3522, 3671, 3779, 3810, 3847, 3909, 3938, 3947, 3976, 4012, 4035, 4060, 4065, 4068, 4071, 4097, 4323, 4465]"
1480,"[0, 1]",13,"[4151, 4049]","[76, 117, 538, 807, 1396, 1687, 1711, 1867, 2057, 2395, 2840, 2999, 3335, 3395, 3801, 4224, 4506]"
1500,"[0, 1]",3,"[4233, 4119]","[651, 866, 973, 1148, 1358, 1461, 1493, 1574, 1645, 1731, 1840, 2052, 2099, 2118, 2126, 2428, 2672, 2684, 2822, 2884, 2903, 3355, 3731, 3876, 4113, 4227, 4375, 4398]"
1501,"[0, 1]",46,"[4248, 4157]","[161, 218, 301, 350, 383, 464, 537, 564, 589, 631, 701, 800, 815, 816, 836, 902, 934, 950, 1075, 1088, 1152, 1245, 1332, 1366, 1553, 1570, 1600, 1637, 1677, 1719, 1726, 1791, 1823, 2074, 2143, 2247, 2255, 2256, 2316, 2361, 2467, 2483, 2485]"
1502,"[0, 1]",37,"[4306, 4181]","[21, 27, 325, 366, 405, 432, 448, 548, 941, 1025, 1044, 1238, 1325, 1375, 1499, 1555, 1583, 1685, 1784, 1900, 1954, 2070, 2211, 2232, 2281, 2448, 2490, 2664, 2711, 2749, 3101, 3318, 3356, 3422, 3572, 3772, 3844, 4102, 4245, 4275, 4391, 4441, 4555]"
1503,"[0, 1]",13,"[4310, 4204]","[209, 308, 498, 584, 634, 699, 1498, 1908, 2185, 2344, 2471, 2752, 3115, 3799, 3924, 3995]"
1523,"[0, 1]",39,"[4394, 4366]","[2003, 2042, 2121, 2150, 2227, 2235, 2278, 2491, 2499, 2512, 2536, 2868, 2914, 2935, 2994, 3074, 3088, 3095, 3351, 3570, 3575, 3595, 3626, 3686, 3687, 3711, 3784, 3785, 3804, 3839, 3894, 3957, 4084, 4093, 4110, 4129, 4177, 4251, 4309, 4342, 4558, 4563]"
1524,"[0, 1]",51,"[4403, 4424]","[355, 657, 681, 753, 822, 830, 1034, 1055, 1062, 1170, 1264, 1279, 1392, 1439, 1457, 1511, 1714, 1741, 1841, 1842, 1927, 1980, 2046, 2068, 2264, 2390, 2540, 2577, 2624, 2688, 2702, 2781, 2900, 2909, 3154, 3272, 3276, 3691, 3694, 3914, 4047, 4108, 4560]"
1525,"[0, 1]",0,"[4463, 4549]","[49, 137, 179, 232, 316, 321, 343, 421, 429, 459, 476, 535, 554, 608, 658, 744, 759, 897, 984, 986, 996, 1017, 1033, 1124, 1129, 1211, 1219, 1222, 1268, 1345, 1365, 1387, 1390, 1407, 1430, 1528, 1594, 1672, 1730, 1755, 1804, 1897, 1924, 1956, 2028, 2063, 2097, 2108, 2110, 2117, 2333, 2355, 2356, 2365, 2447, 2532, 2571, 2656, 2657, 2676, 2679, 2725, 2936, 3013, 3029, 3060, 3070, 3252, 3374, 3463, 3705, 3798, 3855, 4062, 4126, 4148, 4151, 4180, 4188, 4220, 4233, 4306, 4314, 4380, 4403, 4520]"
1526,"[0, 1]",13,[4464],"[47, 521, 1347, 1361, 1526, 1932, 2105, 2461, 2770, 3310, 3406, 3848, 3953, 4002, 4246, 4299, 4364]"
1546,"[0, 1]",5,"[174, 185, 80]","[120, 334, 454, 667, 796, 1030, 1196, 1254, 1391, 1718, 1852, 1933, 1972, 2622, 2704, 2814, 2906, 2908, 2957, 3350, 3360, 3371, 3599, 4009, 4343, 4498, 4504, 4514]"
1547,"[0, 1]",35,"[195, 198, 183]","[77, 83, 116, 189, 331, 379, 412, 434, 453, 466, 507, 599, 655, 670, 680, 724, 728, 766, 771, 931, 980, 1037, 1078, 1175, 1411, 1597, 1599, 1621, 1628, 1767, 2091, 2166, 2748, 3003, 3387, 3402, 3628, 3757, 3802, 3984, 4485]"
1548,"[0, 1]",24,"[244, 308, 265]","[140, 170, 185, 198, 338, 354, 747, 764, 883, 979, 1061, 1113, 1133, 1151, 1180, 1200, 1331, 1666, 1732, 1762, 1812, 1880, 2267, 2310, 2455, 2617, 2965, 3141, 3191, 3224, 3296, 3306, 3619, 3749, 3771, 4095, 4134, 4153, 4350, 4463, 4464, 4466, 4471]"
1568,"[0, 1]",2,"[535, 554, 463]","[245, 362, 611, 884, 893, 1120, 1208, 1292, 1847, 2158, 2294, 2375, 3815, 4413, 4418, 4422, 4522]"
1569,"[0, 1]",46,"[658, 688, 642]","[2506, 2565, 2733, 2755, 2799, 2817, 2828, 2890, 2943, 3001, 3005, 3038, 3043, 3137, 3182, 3235, 3472, 3492, 3611, 3613, 3617, 3634, 3728, 3742, 3747, 3769, 3842, 3869, 3942, 3954, 3956, 4036, 4083, 4269, 4297, 4381, 4404, 4416, 4488, 4544, 4561]"
1570,"[0, 1]",47,"[744, 747, 675]","[719, 773, 789, 868, 876, 895, 936, 954, 1026, 1066, 1068, 1074, 1229, 1267, 1285, 1316, 1471, 1491, 1635, 1644, 1825, 1914, 2033, 2047, 2062, 2193, 2439, 2501, 2518, 2584, 3160, 3201, 3282, 3408, 3458, 3562, 3578, 3688, 3803, 3943, 4054, 4061]"
1571,"[0, 1]",15,"[764, 850, 690]","[29, 72, 152, 174, 249, 296, 414, 427, 500, 502, 617, 622, 688, 813, 835, 882, 892, 899, 956, 1011, 1045, 1094, 1138, 1146, 1178, 1289, 1309, 1388, 1408, 1438, 1588, 1646, 1647, 1659, 1676, 1763, 1773, 1816, 1863, 1916, 2038, 2111, 2119, 2259, 2360, 2363, 2364, 2432, 2661, 2743, 2787, 2800, 2841, 2878, 2930, 2955, 3006, 3187, 3202, 3219, 3268, 3271, 3418, 3490, 3515, 3520, 3527, 3533, 3550, 3586, 3604, 3928, 3978, 4011, 4128, 4130, 4212, 4242, 4248, 4310, 4319, 4324, 4352, 4407, 4467, 4486, 4546]"
