cell_id,satellite_id,gateway_id
1,30,53
2,188,5
3,189,30
4,1434,36
5,507,42
6,1341,41
7,1456,52
8,324,41
9,303,31
10,189,30
11,256,5
13,30,53
14,29,21
15,143,43
16,1409,39
17,303,31
18,484,17
19,416,10
20,531,26
21,1502,37
22,187,23
23,188,5
24,463,48
25,1434,36
26,416,10
27,1502,37
28,75,4
29,1571,15
30,280,33
31,234,6
32,1478,40
33,417,16
34,1409,39
35,234,6
36,1387,49
37,531,26
38,75,4
39,1456,52
40,1456,52
41,142,3
42,302,3
43,143,43
44,1434,36
45,75,4
46,507,42
47,1526,13
48,1386,7
49,1525,0
50,507,42
51,461,32
52,348,22
53,280,33
54,395,28
55,417,16
56,1386,7
57,553,13
58,120,9
59,303,31
60,53,14
61,258,28
62,119,40
63,233,23
64,279,12
65,144,1
66,348,22
67,53,14
68,301,18
69,439,47
70,143,43
71,301,18
72,1571,15
73,531,26
74,280,33
75,553,13
76,1480,13
77,1547,35
78,97,8
79,462,50
80,463,48
81,1409,39
82,348,22
83,1547,35
84,1386,7
85,1457,24
86,29,21
87,5,2
88,143,43
89,279,12
90,348,22
91,1454,2
92,8,29
93,531,26
94,1386,7
95,463,48
96,1409,39
97,416,10
98,347,11
99,188,5
100,1409,39
101,121,27
102,301,18
103,189,30
104,143,43
105,348,22
106,1456,52
107,1432,51
108,8,29
109,234,6
110,30,53
111,29,21
112,256,5
113,463,48
114,1410,44
115,187,23
116,1547,35
117,1480,13
118,416,10
119,256,5
120,1546,5
121,371,25
122,1409,39
123,279,12
124,234,6
125,1457,24
126,1387,49
127,256,5
128,97,8
129,347,11
130,1432,51
131,74,9
132,1410,44
133,1456,52
134,507,42
135,507,42
136,53,14
137,1525,0
138,188,5
139,1477,40
140,1548,24
141,234,6
142,1387,49
143,417,16
144,28,2
145,1341,41
146,187,23
147,120,9
148,8,29
149,211,40
150,461,32
151,1387,49
152,1571,15
153,348,22
154,1410,44
155,461,32
156,347,11
157,144,1
158,256,5
159,187,23
160,1364,38
161,1501,46
162,416,10
163,8,29
164,1364,38
165,1477,40
166,189,30
167,371,25
168,1409,39
169,484,17
170,1548,24
171,462,50
172,279,12
173,530,37
174,1571,15
175,189,30
176,7,34
177,143,43
178,256,5
179,1525,0
180,484,17
181,74,9
182,553,13
183,167,48
184,507,42
185,1548,24
186,301,18
187,1456,52
188,143,43
189,1547,35
190,1409,39
191,98,19
192,392,18
193,417,16
194,1341,41
195,1457,24
196,143,43
197,462,50
198,1548,24
199,53,14
200,143,43
201,144,1
202,348,22
203,1386,7
204,74,9
205,531,26
206,324,41
207,120,9
208,280,33
209,1503,13
210,235,19
211,280,33
212,8,29
213,143,43
214,280,33
215,417,16
216,484,17
217,462,50
218,1501,46
219,417,16
220,97,8
221,531,26
222,417,16
223,144,1
224,530,37
225,189,30
226,53,14
227,1386,7
228,1456,52
229,213,28
230,1364,38
231,29,21
232,1525,0
233,462,50
234,1409,39
235,462,50
236,233,23
237,189,30
238,189,30
239,280,33
240,1410,44
241,371,25
242,417,16
243,485,50
244,553,13
245,1568,2
246,507,42
247,1386,7
248,1410,44
249,1571,15
250,1388,36
251,75,4
252,1411,36
253,1456,52
254,97,8
255,1409,39
256,121,27
257,1409,39
258,143,43
259,256,5
260,234,6
261,304,28
262,484,17
263,417,16
264,30,53
265,486,48
266,189,30
267,235,19
268,438,45
270,122,28
271,348,22
272,348,22
273,29,21
274,7,34
275,349,27
276,531,26
277,280,33
278,75,4
279,165,9
280,143,43
281,486,48
282,416,10
283,439,47
284,347,11
285,1477,40
286,234,6
287,279,12
288,1410,44
289,278,41
290,144,1
291,278,41
292,463,48
293,165,9
294,121,27
295,279,12
296,1571,15
297,144,1
298,280,33
299,143,43
300,439,47
301,1501,46
302,29,21
303,8,29
304,98,19
305,234,6
306,507,42
307,303,31
308,1503,13
309,1409,39
310,1409,39
311,75,4
312,7,34
314,461,32
315,144,1
316,1525,0
317,98,19
318,417,16
319,347,11
320,120,9
321,1525,0
322,347,11
323,29,21
324,461,32
325,1502,37
326,530,37
327,508,29
328,1456,52
329,347,11
330,30,53
331,1547,35
332,1364,38
333,235,19
334,1546,5
335,1457,24
336,301,18
337,1386,7
338,1548,24
339,75,4
340,30,53
341,121,27
342,485,50
343,1525,0
344,1434,36
345,7,34
346,279,12
347,28,2
348,29,21
349,190,28
350,1501,46
351,75,4
352,392,18
353,74,9
354,1548,24
355,1524,51
356,371,25
357,507,42
358,438,45
359,279,12
360,75,4
361,142,3
362,1568,2
363,233,23
364,98,19
365,30,53
366,1502,37
367,1386,7
368,463,48
369,97,8
370,371,25
371,279,12
372,531,26
373,144,1
374,1410,44
375,8,29
376,30,53
377,30,53
378,416,10
379,1547,35
380,1456,52
381,30,53
382,211,40
383,1501,46
384,190,28
385,507,42
386,144,1
387,188,5
388,235,19
389,507,42
390,189,30
391,143,43
392,234,6
393,484,17
394,142,3
395,74,9
396,234,6
397,1434,36
398,75,4
399,7,34
400,303,31
401,144,1
402,121,27
403,1409,39
404,189,30
405,1502,37
406,531,26
407,121,27
408,1456,52
409,234,6
410,234,6
411,507,42
412,1547,35
413,392,18
414,1571,15
415,416,10
416,7,34
417,1411,36
418,371,25
419,461,32
420,1409,39
421,1525,0
422,392,18
423,461,32
424,233,23
425,349,27
426,348,22
427,1571,15
428,75,4
429,1525,0
430,439,47
431,1387,49
432,1502,37
433,486,48
434,1547,35
435,53,14
436,1456,52
437,30,53
438,395,28
439,74,9
440,508,29
441,461,32
442,75,4
443,121,27
444,75,4
445,7,34
446,29,21
447,213,28
448,1502,37
449,392,18
450,1387,49
451,576,13
452,370,38
453,1547,35
454,1546,5
455,371,25
456,531,26
457,189,30
458,348,22
459,1525,0
460,1434,36
461,416,10
462,461,32
463,463,48
464,1501,46
465,530,37
466,1547,35
467,417,16
468,53,14
469,187,23
470,531,26
471,1387,49
472,461,32
473,416,10
474,1457,24
475,75,4
476,1525,0
477,484,17
478,1386,7
479,144,1
480,461,32
481,462,50
482,98,19
483,28,2
484,280,33
485,531,26
486,144,1
487,484,17
488,53,14
489,371,25
490,279,12
491,1409,39
492,439,47
493,234,6
494,189,30
495,531,26
496,234,6
497,371,25
498,1503,13
499,301,18
500,1571,15
501,461,32
502,1571,15
503,303,31
504,165,9
505,531,26
506,1432,51
507,1547,35
508,303,31
509,279,12
510,143,43
511,1341,41
512,7,34
513,484,17
514,1456,52
515,234,6
516,1456,52
517,144,1
519,1386,7
520,189,30
521,1526,13
522,75,4
523,120,9
524,347,11
525,484,17
526,278,41
527,1410,44
528,438,45
529,576,13
530,485,50
531,234,6
533,1386,7
534,74,9
535,1525,0
536,8,29
537,1501,46
538,1480,13
539,348,22
540,302,3
541,279,12
542,233,23
543,30,53
544,347,11
545,507,42
546,120,9
547,438,45
548,1502,37
549,371,25
550,29,21
551,234,6
552,301,18
553,1434,36
554,1525,0
555,1456,52
556,75,4
557,348,22
558,278,41
559,187,23
560,143,43
561,75,4
562,29,21
563,189,30
564,1501,46
565,303,31
566,30,53
567,416,10
568,1387,49
569,1341,41
570,1456,52
571,507,42
572,75,4
573,371,25
574,1411,36
575,256,5
576,416,10
577,303,31
578,98,19
579,348,22
580,144,1
581,189,30
582,1409,39
583,417,16
584,1503,13
585,347,11
586,7,34
587,1477,40
588,1341,41
589,1501,46
590,439,47
591,53,14
592,416,10
593,119,40
594,438,45
595,121,27
596,1410,44
597,165,9
598,8,29
599,1547,35
600,97,8
601,531,26
602,301,18
603,143,43
604,143,43
605,188,5
606,189,30
607,531,26
608,1525,0
609,462,50
610,508,29
611,1568,2
612,417,16
613,29,21
614,30,53
615,461,32
616,417,16
617,1571,15
618,302,3
619,371,25
620,1410,44
621,234,6
622,1571,15
623,1364,38
624,371,25
625,189,30
626,347,11
628,211,40
629,75,4
630,211,40
631,1501,46
632,97,8
633,461,32
634,1503,13
635,484,17
636,462,50
637,301,18
638,1364,38
639,143,43
640,301,18
641,53,14
642,167,48
643,119,40
644,1364,38
645,29,21
646,347,11
647,417,16
648,120,9
649,53,14
650,75,4
651,1500,3
652,1386,7
653,347,11
654,392,18
655,1547,35
656,30,53
657,1524,51
658,1525,0
659,438,45
660,279,12
661,348,22
662,1386,7
663,29,21
664,1432,51
665,278,41
666,30,53
667,1546,5
668,1432,51
669,1477,40
670,1547,35
671,417,16
672,304,28
673,143,43
674,234,6
675,190,28
676,233,23
677,438,45
678,144,1
679,303,31
680,1547,35
681,1524,51
682,302,3
684,1386,7
685,189,30
686,1411,36
687,30,53
688,1571,15
689,1386,7
690,486,48
691,417,16
692,1456,52
693,416,10
694,439,47
695,1388,36
696,371,25
697,121,27
698,30,53
699,1503,13
700,371,25
701,1501,46
702,234,6
703,1410,44
704,1456,52
705,301,18
706,29,21
707,463,48
708,484,17
709,167,48
710,30,53
711,485,50
712,417,16
713,8,29
714,349,27
715,142,3
716,303,31
717,485,50
718,121,27
719,1570,47
720,75,4
721,303,31
722,1477,40
723,7,34
724,1547,35
725,347,11
726,348,22
727,278,41
728,1547,35
729,486,48
730,28,2
731,484,17
732,8,29
733,395,28
734,233,23
735,301,18
736,144,1
737,392,18
738,1409,39
739,461,32
740,30,53
741,1387,49
742,165,9
743,371,25
744,1525,0
745,508,29
746,303,31
747,1548,24
748,531,26
749,280,33
750,97,8
751,189,30
752,417,16
753,1524,51
754,1409,39
755,507,42
756,485,50
757,1387,49
758,348,22
759,1525,0
760,280,33
761,97,8
762,1388,36
763,417,16
764,1548,24
765,303,31
766,1547,35
767,1434,36
768,347,11
769,1456,52
770,303,31
771,1547,35
772,416,10
773,1570,47
774,75,4
775,347,11
776,121,27
777,303,31
778,438,45
779,302,3
780,280,33
781,1456,52
782,486,48
783,486,48
785,280,33
786,371,25
787,372,48
788,303,31
789,1570,47
790,122,28
791,144,1
792,1434,36
793,187,23
794,463,48
795,439,47
796,1546,5
797,1364,38
798,1409,39
799,461,32
800,1501,46
801,416,10
802,53,14
803,74,9
804,485,50
805,416,10
806,349,27
807,1480,13
808,438,45
809,371,25
810,348,22
811,347,11
812,438,45
813,1571,15
814,189,30
815,1501,46
816,1501,46
817,1386,7
818,1409,39
819,75,4
820,8,29
821,531,26
822,1524,51
823,189,30
824,1388,36
825,143,43
826,7,34
827,97,8
828,75,4
829,74,9
830,1524,51
831,531,26
832,30,53
833,1364,38
834,99,48
835,1571,15
836,1501,46
837,7,34
838,1432,51
839,1434,36
840,1434,36
841,349,27
842,461,32
843,349,27
844,99,48
845,484,17
846,97,8
848,302,3
849,235,19
850,1457,24
851,326,28
852,99,48
853,324,41
854,347,11
855,234,6
856,507,42
857,462,50
858,120,9
859,187,23
860,438,45
861,302,3
862,303,31
863,144,1
864,279,12
865,8,29
866,1500,3
867,461,32
868,1570,47
869,553,13
870,531,26
871,416,10
872,278,41
873,8,29
874,416,10
875,1364,38
876,1570,47
877,1457,24
878,235,19
879,416,10
881,75,4
882,1571,15
883,1548,24
884,1568,2
885,143,43
886,1387,49
887,143,43
888,279,12
889,75,4
890,97,8
891,53,14
892,1571,15
893,1568,2
894,29,21
895,1570,47
896,1410,44
897,1525,0
898,1409,39
899,1571,15
900,417,16
901,1411,36
902,1501,46
903,530,37
904,1409,39
905,279,12
906,372,48
907,119,40
908,213,28
909,508,29
910,121,27
911,531,26
912,5,2
913,144,1
914,279,12
915,75,4
916,53,14
917,347,11
918,75,4
919,1454,2
920,30,53
921,461,32
922,485,50
923,303,31
924,1364,38
925,1410,44
926,234,6
927,303,31
928,303,31
929,349,27
930,462,50
931,1547,35
932,347,11
933,7,34
934,1501,46
935,1410,44
936,1570,47
937,371,25
938,119,40
939,461,32
940,234,6
941,1502,37
942,142,3
943,143,43
944,30,53
945,485,50
946,97,8
947,462,50
948,29,21
949,485,50
950,1501,46
951,395,28
952,1364,38
954,1570,47
955,280,33
956,1571,15
957,507,42
958,392,18
959,418,28
960,1364,38
961,188,5
962,1387,49
963,30,53
964,462,50
965,1364,38
966,303,31
967,349,27
968,531,26
969,1410,44
970,143,43
971,280,33
972,121,27
973,1500,3
974,1387,49
975,1457,24
976,7,34
978,53,14
979,1548,24
980,1547,35
981,234,6
983,531,26
984,1525,0
985,98,19
986,1525,0
987,1409,39
988,485,50
989,438,45
990,416,10
991,303,31
992,1432,51
993,278,41
994,1386,7
995,279,12
996,1525,0
997,508,29
998,1409,39
999,347,11
1000,1386,7
1001,53,14
1002,29,21
1003,1387,49
1004,97,8
1005,97,8
1006,1387,49
1007,438,45
1008,96,2
1009,576,13
1010,439,47
1011,1571,15
1012,7,34
1013,75,4
1014,234,6
1015,1386,7
1016,98,19
1017,1525,0
1018,349,27
1019,324,41
1020,279,12
1021,5,2
1022,143,43
1023,144,1
1024,75,4
1025,1502,37
1026,1570,47
1027,372,48
1028,8,29
1029,165,9
1030,1546,5
1031,302,3
1032,461,32
1033,1525,0
1034,1524,51
1035,98,19
1036,507,42
1037,1547,35
1038,1411,36
1039,187,23
1040,1432,51
1041,303,31
1042,349,27
1043,1434,36
1044,1502,37
1045,1571,15
1047,234,6
1048,461,32
1049,461,32
1050,1364,38
1051,371,25
1052,144,1
1053,211,40
1054,1341,41
1055,1524,51
1056,1386,7
1057,349,27
1058,507,42
1059,348,22
1060,74,9
1061,1548,24
1062,1524,51
1063,53,14
1064,438,45
1065,301,18
1066,1570,47
1067,461,32
1068,1570,47
1069,142,3
1070,462,50
1071,1457,24
1072,1477,40
1073,347,11
1074,1570,47
1075,1501,46
1076,461,32
1077,303,31
1078,1547,35
1079,165,9
1080,1388,36
1081,28,2
1082,462,50
1083,97,8
1084,1457,24
1085,74,9
1086,392,18
1087,1457,24
1088,1501,46
1089,507,42
1090,188,5
1091,29,21
1092,1432,51
1093,233,23
1094,1571,15
1095,280,33
1096,233,23
1097,1387,49
1098,280,33
1099,75,4
1100,416,10
1101,1387,49
1102,143,43
1103,8,29
1104,484,17
1105,144,1
1106,8,29
1107,53,14
1108,1387,49
1109,53,14
1110,348,22
1111,438,45
1112,98,19
1113,1548,24
1114,29,21
1115,1434,36
1116,98,19
1117,416,10
1118,531,26
1119,509,28
1120,1568,2
1121,576,13
1122,417,16
1123,1364,38
1124,1525,0
1125,235,19
1127,29,21
1128,98,19
1129,1525,0
1130,74,9
1131,392,18
1132,30,53
1133,1548,24
1134,29,21
1135,8,29
1136,235,19
1137,5,2
1138,1571,15
1139,97,8
1140,1364,38
1141,484,17
1142,416,10
1143,188,5
1144,438,45
1145,484,17
1146,1571,15
1147,30,53
1148,1500,3
1149,370,38
1150,8,29
1151,1548,24
1152,1501,46
1153,347,11
1154,5,2
1155,52,35
1156,280,33
1157,280,33
1158,5,2
1159,143,43
1160,280,33
1161,29,21
1163,7,34
1164,438,45
1165,507,42
1166,1364,38
1167,438,45
1168,1386,7
1169,461,32
1170,1524,51
1171,1386,7
1172,189,30
1173,7,34
1174,1432,51
1175,1547,35
1176,302,3
1178,1571,15
1179,75,4
1180,1548,24
1181,29,21
1182,416,10
1183,1409,39
1184,348,22
1185,121,27
1186,1388,36
1187,302,3
1188,347,11
1189,1432,51
1191,30,53
1192,28,2
1193,75,4
1194,484,17
1195,462,50
1196,1546,5
1197,143,43
1198,484,17
1199,211,40
1200,1548,24
1201,416,10
1202,280,33
1203,1454,2
1204,1456,52
1205,1411,36
1206,1364,38
1207,256,5
1208,1568,2
1209,530,37
1210,187,23
1211,1525,0
1212,53,14
1213,74,9
1214,531,26
1215,303,31
1216,531,26
1217,53,14
1218,98,19
1219,1525,0
1220,280,33
1221,347,11
1222,1525,0
1223,1364,38
1224,1478,40
1225,165,9
1226,143,43
1227,97,8
1228,507,42
1229,1570,47
1230,1387,49
1231,75,4
1232,1454,2
1233,531,26
1234,1457,24
1235,7,34
1236,461,32
1237,29,21
1238,1502,37
1239,29,21
1240,301,18
1241,303,31
1242,211,40
1243,416,10
1244,303,31
1245,1501,46
1246,1432,51
1247,1410,44
1248,7,34
1249,30,53
1250,303,31
1251,98,19
1252,463,48
1253,303,31
1254,1546,5
1255,7,34
1256,280,33
1257,438,45
1258,1456,52
1259,234,6
1260,461,32
1261,417,16
1262,97,8
1263,279,12
1264,1524,51
1265,120,9
1266,74,9
1267,1570,47
1268,1525,0
1269,438,45
1270,1456,52
1272,372,48
1273,30,53
1274,416,10
1275,96,2
1276,256,5
1277,303,31
1278,484,17
1279,1524,51
1280,416,10
1281,1387,49
1282,301,18
1283,1454,2
1284,304,28
1285,1570,47
1286,119,40
1287,371,25
1288,348,22
1289,1571,15
1290,507,42
1291,531,26
1292,1568,2
1294,1410,44
1295,8,29
1296,438,45
1297,187,23
1298,1409,39
1299,1478,40
1300,1410,44
1301,143,43
1302,279,12
1303,187,23
1304,144,1
1305,349,27
1306,233,23
1307,189,30
1308,280,33
1309,1571,15
1310,347,11
1311,279,12
1312,1477,40
1313,1411,36
1314,279,12
1315,5,2
1316,1570,47
1317,28,2
1318,507,42
1319,144,1
1320,121,27
1321,7,34
1322,484,17
1323,1456,52
1324,1364,38
1325,1502,37
1326,144,1
1327,531,26
1328,1410,44
1329,371,25
1330,75,4
1331,1548,24
1332,1501,46
1333,1457,24
1334,120,9
1335,53,14
1336,348,22
1337,530,37
1338,5,2
1339,1364,38
1340,121,27
1341,52,35
1342,1411,36
1343,1386,7
1344,484,17
1345,1525,0
1346,347,11
1347,1526,13
1348,347,11
1349,1364,38
1350,8,29
1351,348,22
1352,1409,39
1353,507,42
1354,347,11
1355,507,42
1356,416,10
1357,5,2
1358,1500,3
1359,372,48
1360,53,14
1361,1526,13
1362,52,35
1363,8,29
1364,280,33
1365,1525,0
1366,1501,46
1367,235,19
1368,417,16
1369,461,32
1370,144,1
1371,97,8
1372,486,48
1373,347,11
1374,235,19
1375,1502,37
1376,485,50
1377,348,22
1378,1410,44
1379,280,33
1380,392,18
1381,417,16
1382,531,26
1383,349,27
1384,392,18
1385,1364,38
1386,1410,44
1387,1525,0
1388,1571,15
1389,8,29
1390,1525,0
1391,1546,5
1392,1524,51
1393,1456,52
1394,144,1
1395,53,14
1396,1480,13
1397,530,37
1398,304,28
1399,507,42
1400,165,9
1401,142,3
1402,96,2
1403,507,42
1405,1409,39
1406,143,43
1407,1525,0
1408,1571,15
1409,417,16
1410,121,27
1411,1547,35
1412,1364,38
1413,233,23
1415,1410,44
1416,1410,44
1417,462,50
1418,30,53
1419,1434,36
1420,484,17
1421,279,12
1422,278,41
1423,1386,7
1424,1364,38
1425,30,53
1426,507,42
1427,1411,36
1428,28,2
1429,324,41
1430,1525,0
1431,1387,49
1432,279,12
1433,97,8
1434,1386,7
1435,211,40
1436,278,41
1437,1432,51
1438,1571,15
1439,1524,51
1440,5,2
1441,1410,44
1442,167,48
1443,75,4
1444,1457,24
1445,417,16
1446,1456,52
1447,98,19
1448,280,33
1449,1409,39
1450,416,10
1451,438,45
1452,142,3
1453,189,30
1454,1364,38
1455,303,31
1456,1387,49
1457,1524,51
1458,1457,24
1459,531,26
1460,98,19
1461,1500,3
1462,461,32
1463,440,1
1464,1387,49
1465,1387,49
1466,417,16
1467,75,4
1468,531,26
1469,303,31
1470,189,30
1471,1570,47
1472,1456,52
1473,347,11
1474,347,11
1475,507,42
1476,1410,44
1477,303,31
1478,439,47
1479,143,43
1480,302,3
1481,233,23
1482,530,37
1483,438,45
1484,280,33
1485,120,9
1486,96,2
1487,1456,52
1488,98,19
1489,303,31
1490,484,17
1491,1570,47
1492,74,9
1493,1500,3
1494,75,4
1495,1409,39
1497,96,2
1498,1503,13
1499,1502,37
1500,279,12
1501,279,12
1502,121,27
1503,507,42
1504,1387,49
1505,189,30
1506,302,3
1507,1409,39
1508,439,47
1509,1410,44
1510,485,50
1511,1524,51
1512,1456,52
1513,52,35
1514,1454,2
1515,52,35
1516,53,14
1517,144,1
1518,234,6
1519,280,33
1520,395,28
1521,211,40
1522,326,28
1523,98,19
1524,1410,44
1525,347,11
1526,1526,13
1527,392,18
1528,1525,0
1529,531,26
1530,278,41
1531,8,29
1532,463,48
1533,187,23
1534,439,47
1535,1456,52
1536,507,42
1537,233,23
1538,97,8
1539,347,11
1540,485,50
1541,29,21
1542,8,29
1543,301,18
1544,530,37
1545,211,40
1546,461,32
1547,348,22
1548,1457,24
1549,1457,24
1550,531,26
1551,1386,7
1552,347,11
1553,1501,46
1554,1411,36
1555,1502,37
1556,279,12
1557,213,28
1558,439,47
1559,1409,39
1560,1410,44
1561,371,25
1562,438,45
1563,303,31
1564,417,16
1565,279,12
1566,53,14
1567,211,40
1568,417,16
1569,416,10
1570,1501,46
1571,1409,39
1572,1386,7
1573,8,29
1574,1500,3
1575,507,42
1576,301,18
1577,1387,49
1578,52,35
1579,1364,38
1580,189,30
1581,29,21
1582,29,21
1583,1502,37
1584,1341,41
1585,416,10
1587,74,9
1588,1571,15
1589,576,13
1590,189,30
1591,1387,49
1592,347,11
1593,75,4
1594,1525,0
1595,281,28
1596,144,1
1597,1547,35
1598,302,3
1599,1547,35
1600,1501,46
1601,53,14
1602,530,37
1603,99,48
1604,530,37
1605,233,23
1606,1409,39
1607,416,10
1608,29,21
1609,349,27
1610,189,30
1611,53,14
1612,417,16
1613,301,18
1614,1388,36
1615,303,31
1616,301,18
1617,484,17
1618,484,17
1619,29,21
1621,1547,35
1622,576,13
1623,189,30
1624,213,28
1625,348,22
1626,438,45
1627,165,9
1628,1547,35
1629,165,9
1630,1409,39
1631,371,25
1632,1386,7
1633,256,5
1634,1456,52
1635,1570,47
1636,1341,41
1637,1501,46
1638,553,13
1639,97,8
1640,303,31
1641,235,19
1642,416,10
1643,438,45
1644,1570,47
1645,1500,3
1646,1571,15
1647,1571,15
1648,415,44
1649,1409,39
1650,30,53
1651,187,23
1652,301,18
1653,8,29
1654,438,45
1655,7,34
1656,439,47
1657,530,37
1658,7,34
1659,1571,15
1660,53,14
1661,8,29
1662,120,9
1663,1386,7
1664,508,29
1665,189,30
1666,1548,24
1667,7,34
1668,416,10
1669,461,32
1670,1432,51
1671,576,13
1672,1525,0
1673,530,37
1674,1386,7
1675,279,12
1676,1571,15
1677,1501,46
1678,187,23
1679,1364,38
1680,302,3
1681,279,12
1682,461,32
1683,1457,24
1684,29,21
1685,1502,37
1686,144,1
1687,1480,13
1688,99,48
1689,417,16
1690,74,9
1691,1457,24
1692,461,32
1693,417,16
1694,1456,52
1695,189,30
1696,484,17
1697,392,18
1698,347,11
1699,1432,51
1700,142,3
1701,417,16
1702,438,45
1703,52,35
1704,1388,36
1705,1478,40
1706,52,35
1707,74,9
1708,1456,52
1709,53,14
1710,484,17
1711,1480,13
1712,1364,38
1713,507,42
1714,1524,51
1715,30,53
1716,7,34
1717,417,16
1718,1546,5
1719,1501,46
1720,1456,52
1721,233,23
1722,576,13
1723,280,33
1724,142,3
1725,121,27
1726,1501,46
1727,280,33
1728,507,42
1729,279,12
1730,1525,0
1731,1500,3
1732,1548,24
1733,53,14
1734,531,26
1735,348,22
1736,438,45
1737,348,22
1738,416,10
1739,438,45
1740,347,11
1741,1524,51
1742,1456,52
1743,144,1
1744,530,37
1745,1432,51
1746,392,18
1747,1387,49
1749,30,53
1750,258,28
1751,417,16
1752,372,48
1753,1411,36
1754,7,34
1755,1525,0
1756,392,18
1757,326,28
1758,98,19
1759,279,12
1760,484,17
1761,211,40
1762,1548,24
1763,1571,15
1764,122,28
1765,187,23
1766,7,34
1767,1547,35
1768,370,38
1769,30,53
1770,1477,40
1772,372,48
1773,1571,15
1774,461,32
1775,187,23
1776,348,22
1777,97,8
1778,144,1
1779,553,13
1780,75,4
1781,1387,49
1782,52,35
1783,1386,7
1784,1502,37
1785,509,28
1786,1387,49
1787,97,8
1788,1456,52
1789,1364,38
1790,187,23
1791,1501,46
1792,187,23
1793,415,44
1794,30,53
1795,347,11
1796,98,19
1797,349,27
1798,280,33
1799,485,50
1800,371,25
1801,233,23
1802,143,43
1803,30,53
1804,1525,0
1805,507,42
1806,189,30
1807,462,50
1808,281,28
1809,348,22
1810,530,37
1811,279,12
1812,1548,24
1813,417,16
1814,302,3
1815,1454,2
1816,1571,15
1817,120,9
1818,415,44
1819,233,23
1820,97,8
1821,121,27
1822,395,28
1823,1501,46
1824,371,25
1825,1570,47
1826,416,10
1827,1457,24
1828,7,34
1829,348,22
1830,461,32
1831,1364,38
1832,279,12
1833,415,44
1834,439,47
1835,348,22
1836,531,26
1837,235,19
1838,1386,7
1839,53,14
1840,1500,3
1841,1524,51
1842,1524,51
1843,1386,7
1844,484,17
1845,415,44
1846,348,22
1847,1568,2
1848,302,3
1849,416,10
1850,484,17
1851,371,25
1852,1546,5
1853,438,45
1854,349,27
1855,416,10
1856,119,40
1857,484,17
1858,392,18
1859,233,23
1860,235,19
1861,371,25
1862,279,12
1863,1571,15
1864,76,14
1865,7,34
1866,415,44
1867,1480,13
1868,52,35
1869,303,31
1870,1411,36
1871,303,31
1872,349,27
1873,234,6
1874,278,41
1875,1434,36
1876,1386,7
1877,415,44
1878,439,47
1879,1409,39
1880,1548,24
1881,1456,52
1882,348,22
1883,1388,36
1884,278,41
1885,234,6
1886,29,21
1887,234,6
1888,507,42
1889,438,45
1890,438,45
1891,143,43
1892,142,3
1893,188,5
1894,1457,24
1895,484,17
1896,234,6
1897,1525,0
1898,7,34
1899,8,29
1900,1502,37
1901,303,31
1902,29,21
1903,98,19
1904,281,28
1905,1456,52
1906,29,21
1907,303,31
1908,1503,13
1909,144,1
1910,234,6
1911,531,26
1912,7,34
1913,120,9
1914,1570,47
1915,417,16
1916,1571,15
1917,1341,41
1918,1364,38
1919,30,53
1920,371,25
1921,1386,7
1922,1456,52
1923,415,44
1924,1525,0
1925,52,35
1926,29,21
1927,1524,51
1928,1457,24
1929,7,34
1930,371,25
1931,1386,7
1932,1526,13
1933,1546,5
1934,29,21
1935,530,37
1936,1409,39
1937,371,25
1938,507,42
1939,96,2
1940,98,19
1941,438,45
1942,1341,41
1943,1386,7
1944,417,16
1945,531,26
1946,97,8
1947,279,12
1948,1409,39
1949,417,16
1950,187,23
1951,166,43
1952,1364,38
1953,187,23
1954,1502,37
1955,166,43
1956,1525,0
1957,1341,41
1958,461,32
1959,417,16
1960,1477,40
1961,280,33
1962,347,11
1963,507,42
1964,29,21
1965,234,6
1966,417,16
1967,438,45
1968,462,50
1969,417,16
1970,1364,38
1971,8,29
1972,1546,5
1973,303,31
1974,1456,52
1975,279,12
1976,1388,36
1977,280,33
1978,348,22
1979,30,53
1980,1524,51
1981,348,22
1982,1364,38
1983,347,11
1984,371,25
1985,1388,36
1986,144,1
1987,28,2
1988,7,34
1989,438,45
1990,415,44
1991,324,41
1992,76,14
1993,278,41
1994,485,50
1995,76,14
1996,119,40
1997,1456,52
1998,1364,38
1999,507,42
2000,1478,40
2001,1364,38
2002,166,43
2003,1523,39
2004,1364,38
2005,1341,41
2006,280,33
2007,8,29
2008,1387,49
2009,144,1
2010,97,8
2011,531,26
2012,463,48
2013,29,21
2014,371,25
2015,142,3
2016,484,17
2017,1387,49
2018,1434,36
2019,348,22
2020,76,14
2021,8,29
2022,1386,7
2023,507,42
2024,30,53
2025,416,10
2026,417,16
2027,75,4
2028,1525,0
2029,1457,24
2030,1341,41
2031,144,1
2032,324,41
2033,1570,47
2034,28,2
2035,8,29
2036,301,18
2037,371,25
2038,1571,15
2039,1386,7
2040,142,3
2041,1434,36
2042,1523,39
2043,461,32
2044,280,33
2045,189,30
2046,1524,51
2047,1570,47
2048,324,41
2049,485,50
2050,347,11
2051,417,16
2052,1500,3
2053,438,45
2054,415,44
2055,531,26
2056,438,45
2057,1480,13
2058,280,33
2059,256,5
2060,190,28
2061,438,45
2062,1570,47
2063,1525,0
2064,234,6
2065,1387,49
2066,530,37
2067,1386,7
2068,1524,51
2069,189,30
2070,1502,37
2071,98,19
2072,1432,51
2074,1501,46
2076,394,4
2077,485,50
2078,347,11
2079,96,2
2080,166,43
2081,280,33
2082,392,18
2083,1434,36
2084,1386,7
2085,1387,49
2086,30,53
2087,280,33
2088,279,12
2089,121,27
2090,416,10
2091,1547,35
2092,189,30
2093,120,9
2094,303,31
2095,371,25
2096,144,1
2097,1525,0
2098,530,37
2099,1500,3
2100,52,35
2101,30,53
2102,75,4
2103,279,12
2104,303,31
2105,1526,13
2106,187,23
2107,1364,38
2108,1525,0
2109,142,3
2110,1525,0
2111,1571,15
2113,1411,36
2114,30,53
2115,1341,41
2116,324,41
2117,1525,0
2118,1500,3
2119,1571,15
2120,98,19
2121,1523,39
2123,415,44
2124,280,33
2125,75,4
2126,1500,3
2127,463,48
2128,30,53
2129,509,28
2130,279,12
2131,326,28
2132,1432,51
2133,210,7
2134,7,34
2135,210,7
2136,98,19
2137,508,29
2138,1387,49
2139,325,12
2140,142,3
2141,371,25
2142,98,19
2143,1501,46
2144,28,2
2145,347,11
2146,461,32
2148,29,21
2149,235,19
2150,1523,39
2151,98,19
2152,53,14
2153,29,21
2154,417,16
2155,188,5
2156,1411,36
2158,1568,2
2159,30,53
2160,52,35
2161,553,13
2162,1432,51
2163,234,6
2164,348,22
2165,415,44
2166,1547,35
2167,143,43
2168,210,7
2169,7,34
2170,189,30
2171,187,23
2172,371,25
2173,348,22
2174,96,2
2175,280,33
2176,1388,36
2177,210,7
2178,349,27
2179,348,22
2180,394,4
2181,371,25
2183,96,2
2184,531,26
2185,1503,13
2186,417,16
2187,165,9
2188,1387,49
2189,417,16
2190,507,42
2191,438,45
2192,29,21
2193,1570,47
2194,301,18
2195,1456,52
2196,278,41
2197,1364,38
2198,531,26
2199,417,16
2200,417,16
2201,325,12
2203,324,41
2204,142,3
2205,8,29
2206,1387,49
2207,1457,24
2208,1457,24
2209,233,23
2210,1456,52
2211,1502,37
2212,508,29
2213,98,19
2214,75,4
2215,7,34
2216,347,11
2217,234,6
2218,8,29
2219,1411,36
2220,461,32
2221,1434,36
2222,233,23
2223,416,10
2224,1387,49
2225,121,27
2226,326,28
2227,1523,39
2228,347,11
2229,486,48
2230,484,17
2231,484,17
2232,1502,37
2233,371,25
2234,120,9
2235,1523,39
2236,29,21
2237,324,41
2238,416,10
2239,531,26
2240,417,16
2241,1387,49
2242,53,14
2243,484,17
2244,280,33
2245,484,17
2247,1501,46
2248,416,10
2249,392,18
2250,189,30
2251,52,35
2252,189,30
2253,99,48
2254,76,14
2255,1501,46
2256,1501,46
2257,97,8
2258,1456,52
2259,1571,15
2260,484,17
2261,1364,38
2262,507,42
2263,348,22
2264,1524,51
2266,1410,44
2267,1548,24
2269,484,17
2270,370,38
2271,486,48
2272,211,40
2273,416,10
2274,324,41
2275,1411,36
2276,166,43
2277,53,14
2278,1523,39
2279,394,4
2280,1432,51
2281,1502,37
2282,438,45
2283,349,27
2284,417,16
2285,98,19
2286,1387,49
2287,234,6
2288,53,14
2289,1478,40
2290,462,50
2291,531,26
2292,303,31
2293,416,10
2294,1568,2
2295,417,16
2296,1387,49
2297,1478,40
2298,234,6
2299,278,41
2300,417,16
2301,461,32
2302,325,12
2303,234,6
2304,142,3
2305,1364,38
2306,531,26
2307,1477,40
2308,210,7
2309,8,29
2310,1548,24
2312,462,50
2313,417,16
2314,189,30
2315,415,44
2316,1501,46
2317,258,28
2318,52,35
2319,508,29
2320,347,11
2321,76,14
2322,325,12
2323,98,19
2324,144,1
2325,302,3
2326,74,9
2327,325,12
2328,372,48
2329,210,7
2330,1410,44
2331,97,8
2332,1454,2
2333,1525,0
2334,234,6
2335,256,5
2336,438,45
2337,1388,36
2338,484,17
2339,371,25
2340,97,8
2341,210,7
2342,30,53
2343,1456,52
2344,1503,13
2345,98,19
2346,461,32
2347,1388,36
2348,189,30
2349,530,37
2350,303,31
2351,485,50
2352,324,41
2353,302,3
2354,325,12
2355,1525,0
2356,1525,0
2357,1455,49
2358,325,12
2359,280,33
2360,1571,15
2361,1501,46
2362,394,4
2363,1571,15
2364,1571,15
2365,1525,0
2366,189,30
2367,8,29
2368,120,9
2369,76,14
2370,484,17
2371,303,31
2372,1457,24
2373,121,27
2374,348,22
2375,1568,2
2376,509,28
2377,461,32
2378,1456,52
2379,1341,41
2380,508,29
2381,30,53
2382,121,27
2383,325,12
2384,1456,52
2385,1432,51
2386,325,12
2387,233,23
2388,392,18
2389,394,4
2390,1524,51
2391,144,1
2392,7,34
2393,166,43
2394,417,16
2395,1480,13
2396,530,37
2397,30,53
2398,144,1
2400,371,25
2401,530,37
2402,144,1
2403,7,34
2404,370,38
2405,349,27
2406,1455,49
2407,394,4
2408,348,22
2409,278,41
2410,280,33
2411,122,28
2412,1457,24
2413,348,22
2414,1455,49
2415,52,35
2416,303,31
2417,485,50
2418,189,30
2419,1388,36
2420,348,22
2421,439,47
2422,348,22
2423,326,28
2424,394,4
2425,531,26
2426,415,44
2427,392,18
2428,1500,3
2429,121,27
2430,348,22
2431,76,14
2432,1571,15
2433,144,1
2434,485,50
2435,29,21
2436,347,11
2437,417,16
2438,370,38
2439,1570,47
2440,188,5
2441,189,30
2442,325,12
2443,1411,36
2444,257,6
2445,1455,49
2446,461,32
2447,1525,0
2448,1502,37
2449,98,19
2450,53,14
2451,438,45
2452,7,34
2453,301,18
2454,233,23
2455,1548,24
2456,392,18
2457,29,21
2458,121,27
2459,257,6
2460,371,25
2461,1526,13
2462,348,22
2463,348,22
2464,417,16
2465,8,29
2466,438,45
2467,1501,46
2468,348,22
2469,76,14
2470,74,9
2471,1503,13
2472,347,11
2473,189,30
2474,1455,49
2475,144,1
2476,280,33
2477,7,34
2478,530,37
2479,1456,52
2480,166,43
2481,233,23
2482,166,43
2483,1501,46
2484,120,9
2485,1501,46
2486,370,38
2487,440,1
2488,120,9
2489,348,22
2490,1502,37
2491,1523,39
2492,348,22
2493,1478,40
2496,507,42
2497,394,4
2498,189,30
2499,1523,39
2500,30,53
2501,1570,47
2502,347,11
2503,119,40
2504,392,18
2505,440,1
2506,1569,46
2507,166,43
2508,347,11
2509,210,7
2510,530,37
2511,438,45
2512,1523,39
2513,188,5
2514,210,7
2515,438,45
2516,121,27
2517,440,1
2518,1570,47
2519,76,14
2520,530,37
2521,30,53
2522,278,41
2523,1411,36
2524,278,41
2525,76,14
2527,347,11
2528,509,28
2529,5,2
2530,325,12
2531,417,16
2532,1525,0
2533,278,41
2534,76,14
2535,142,3
2536,1523,39
2537,189,30
2538,167,48
2539,416,10
2540,1524,51
2541,97,8
2542,257,6
2543,1456,52
2544,370,38
2545,76,14
2546,257,6
2547,280,33
2548,7,34
2549,461,32
2550,1388,36
2551,484,17
2552,439,47
2553,461,32
2554,485,50
2555,303,31
2556,304,28
2557,29,21
2558,30,53
2560,394,4
2561,76,14
2562,394,4
2563,372,48
2564,348,22
2565,1569,46
2566,233,23
2567,415,44
2568,7,34
2569,303,31
2570,348,22
2571,1525,0
2572,143,43
2573,143,43
2574,166,43
2575,1478,40
2576,439,47
2577,1524,51
2578,210,7
2579,461,32
2580,74,9
2581,439,47
2582,233,23
2583,97,8
2584,1570,47
2585,97,8
2586,392,18
2587,395,28
2589,122,28
2590,189,30
2591,167,48
2592,189,30
2593,486,48
2594,7,34
2595,1456,52
2596,29,21
2597,531,26
2598,7,34
2599,530,37
2600,1388,36
2601,98,19
2602,189,30
2603,98,19
2604,1388,36
2605,120,9
2606,303,31
2607,324,41
2608,371,25
2609,210,7
2610,394,4
2611,530,37
2612,507,42
2613,553,13
2614,392,18
2615,507,42
2616,188,5
2617,1548,24
2618,347,11
2619,1456,52
2620,394,4
2621,1432,51
2622,1546,5
2623,531,26
2624,1524,51
2625,189,30
2626,167,48
2627,189,30
2628,324,41
2629,189,30
2630,347,11
2631,507,42
2632,463,48
2633,347,11
2634,392,18
2635,7,34
2636,29,21
2637,485,50
2638,8,29
2639,530,37
2640,165,9
2641,370,38
2642,29,21
2643,28,2
2644,304,28
2645,347,11
2646,142,3
2647,187,23
2648,30,53
2649,280,33
2650,1457,24
2651,324,41
2652,74,9
2653,30,53
2654,29,21
2655,29,21
2656,1525,0
2657,1525,0
2658,438,45
2659,97,8
2660,371,25
2661,1571,15
2662,347,11
2663,233,23
2664,1502,37
2665,1477,40
2666,98,19
2667,1456,52
2668,1457,24
2669,1477,40
2670,370,38
2671,392,18
2672,1500,3
2673,53,14
2674,415,44
2675,302,3
2676,1525,0
2677,484,17
2678,189,30
2679,1525,0
2680,440,1
2681,484,17
2682,325,12
2683,1388,36
2684,1500,3
2685,7,34
2686,76,14
2687,415,44
2688,1524,51
2689,235,19
2690,278,41
2691,438,45
2692,462,50
2693,370,38
2694,1455,49
2695,371,25
2696,7,34
2697,142,3
2698,76,14
2699,165,9
2700,1456,52
2701,415,44
2702,1524,51
2703,7,34
2704,1546,5
2705,509,28
2706,349,27
2707,233,23
2708,371,25
2709,531,26
2710,509,28
2711,1502,37
2712,325,12
2713,416,10
2714,97,8
2715,51,8
2716,280,33
2717,325,12
2718,371,25
2719,439,47
2720,1434,36
2721,53,14
2722,416,10
2723,30,53
2724,8,29
2725,1525,0
2726,188,5
2727,1456,52
2728,508,29
2729,98,19
2730,417,16
2731,29,21
2732,166,43
2733,1569,46
2734,370,38
2735,235,19
2736,439,47
2737,576,13
2738,1341,41
2739,258,28
2740,257,6
2741,281,28
2742,347,11
2743,1571,15
2744,1341,41
2745,121,27
2746,484,17
2747,301,18
2748,1547,35
2749,1502,37
2750,1341,41
2751,51,8
2752,1503,13
2753,30,53
2754,415,44
2755,1569,46
2756,324,41
2757,438,45
2758,1432,51
2759,485,50
2760,189,30
2761,394,4
2762,530,37
2763,301,18
2764,166,43
2765,1455,49
2766,462,50
2767,438,45
2768,280,33
2769,507,42
2770,1526,13
2772,371,25
2773,486,48
2774,189,30
2775,507,42
2776,326,28
2777,392,18
2778,348,22
2779,257,6
2780,486,48
2781,1524,51
2782,29,21
2783,439,47
2784,257,6
2785,417,16
2787,1571,15
2788,416,10
2789,1409,39
2790,165,9
2791,392,18
2792,1478,40
2793,281,28
2794,553,13
2795,280,33
2796,189,30
2797,440,1
2798,531,26
2799,1569,46
2800,1571,15
2801,440,1
2802,438,45
2803,97,8
2804,485,50
2805,166,43
2807,99,48
2808,165,9
2809,280,33
2810,257,6
2811,531,26
2812,213,28
2813,1457,24
2814,1546,5
2815,52,35
2816,99,48
2817,1569,46
2818,29,21
2819,463,48
2820,121,27
2821,1434,36
2822,1500,3
2823,119,40
2825,1457,24
2826,484,17
2827,121,27
2828,1569,46
2829,416,10
2830,1457,24
2831,166,43
2832,1457,24
2833,370,38
2834,485,50
2835,394,4
2836,1456,52
2837,325,12
2838,371,25
2839,166,43
2840,1480,13
2841,1571,15
2842,1411,36
2843,52,35
2844,1455,49
2845,1455,49
2846,576,13
2847,1434,36
2848,97,8
2849,1432,51
2850,166,43
2851,76,14
2852,258,28
2853,484,17
2854,257,6
2855,348,22
2856,189,30
2857,372,48
2858,30,53
2859,417,16
2860,210,7
2861,121,27
2862,507,42
2863,415,44
2864,166,43
2865,1410,44
2866,484,17
2867,371,25
2868,1523,39
2869,370,38
2870,189,30
2871,1477,40
2872,485,50
2873,233,23
2874,257,6
2875,530,37
2876,461,32
2877,394,4
2878,1571,15
2879,98,19
2880,280,33
2881,484,17
2882,462,50
2883,5,2
2884,1500,3
2885,121,27
2886,461,32
2887,165,9
2888,461,32
2889,280,33
2890,1569,46
2891,348,22
2892,280,33
2893,76,14
2894,438,45
2895,29,21
2896,1455,49
2897,485,50
2898,7,34
2899,417,16
2900,1524,51
2901,531,26
2902,189,30
2903,1500,3
2904,187,23
2905,485,50
2906,1546,5
2907,463,48
2908,1546,5
2909,1524,51
2910,74,9
2911,120,9
2912,438,45
2913,51,8
2914,1523,39
2915,438,45
2916,576,13
2917,258,28
2918,1455,49
2919,188,5
2920,8,29
2922,1455,49
2923,416,10
2924,370,38
2925,278,41
2926,301,18
2927,303,31
2928,440,1
2929,348,22
2930,1571,15
2931,1341,41
2932,76,14
2933,188,5
2934,8,29
2935,1523,39
2936,1525,0
2937,280,33
2938,302,3
2939,507,42
2940,99,48
2941,461,32
2942,462,50
2943,1569,46
2944,484,17
2945,122,28
2946,438,45
2947,303,31
2948,440,1
2949,1341,41
2950,302,3
2951,301,18
2952,301,18
2953,256,5
2954,485,50
2955,1571,15
2956,256,5
2957,1546,5
2958,461,32
2959,530,37
2960,210,7
2961,7,34
2962,189,30
2963,416,10
2964,1388,36
2965,1548,24
2966,189,30
2967,440,1
2968,530,37
2969,348,22
2970,348,22
2971,440,1
2972,258,28
2973,416,10
2974,30,53
2975,1477,40
2976,51,8
2977,416,10
2978,166,43
2979,531,26
2980,438,45
2981,507,42
2982,392,18
2984,52,35
2986,462,50
2987,507,42
2988,187,23
2989,370,38
2990,188,5
2991,166,43
2992,8,29
2993,371,25
2994,1523,39
2995,371,25
2996,98,19
2997,392,18
2998,439,47
2999,1480,13
3000,257,6
3001,1569,46
3002,303,31
3003,1547,35
3004,370,38
3005,1569,46
3006,1571,15
3007,51,8
3008,370,38
3009,438,45
3010,213,28
3011,1455,49
3013,1525,0
3014,233,23
3015,302,3
3016,281,28
3017,1456,52
3018,1456,52
3019,415,44
3020,508,29
3021,508,29
3022,187,23
3023,7,34
3024,1457,24
3025,29,21
3026,438,45
3027,278,41
3028,349,27
3029,1525,0
3030,440,1
3031,51,8
3032,485,50
3033,415,44
3034,461,32
3035,1455,49
3036,325,12
3037,30,53
3038,1569,46
3039,121,27
3040,166,43
3041,210,7
3042,507,42
3043,1569,46
3044,324,41
3045,440,1
3046,165,9
3047,440,1
3048,438,45
3049,30,53
3050,507,42
3051,484,17
3052,484,17
3053,121,27
3054,98,19
3055,438,45
3056,416,10
3057,257,6
3058,257,6
3059,349,27
3060,1525,0
3061,507,42
3062,507,42
3063,257,6
3064,325,12
3065,371,25
3066,51,8
3067,417,16
3068,30,53
3069,416,10
3070,1525,0
3071,507,42
3072,29,21
3073,347,11
3074,1523,39
3075,417,16
3076,1455,49
3077,7,34
3078,438,45
3079,51,8
3080,210,7
3081,576,13
3082,7,34
3083,233,23
3084,30,53
3085,326,28
3086,165,9
3087,190,28
3088,1523,39
3089,51,8
3090,507,42
3091,29,21
3092,165,9
3093,51,8
3094,438,45
3095,1523,39
3096,394,4
3097,1456,52
3098,52,35
3099,484,17
3100,440,1
3101,1502,37
3102,348,22
3103,188,5
3104,301,18
3105,1455,49
3106,417,16
3107,348,22
3108,29,21
3109,415,44
3110,415,44
3111,440,1
3112,1477,40
3113,1434,36
3114,372,48
3115,1503,13
3116,440,1
3117,415,44
3118,167,48
3119,438,45
3120,52,35
3121,461,32
3122,1341,41
3123,439,47
3124,417,16
3125,51,8
3126,462,50
3127,417,16
3128,210,7
3129,392,18
3130,303,31
3131,507,42
3132,280,33
3133,440,1
3134,461,32
3135,280,33
3136,7,34
3137,1569,46
3138,371,25
3139,349,27
3140,370,38
3141,1548,24
3142,370,38
3143,371,25
3144,348,22
3145,30,53
3146,29,21
3147,278,41
3148,1456,52
3149,29,21
3150,461,32
3151,371,25
3152,324,41
3153,324,41
3154,1524,51
3155,507,42
3156,210,7
3157,1410,44
3158,485,50
3159,210,7
3160,1570,47
3161,531,26
3162,484,17
3163,301,18
3164,1455,49
3165,440,1
3167,440,1
3168,484,17
3169,416,10
3170,303,31
3171,119,40
3172,74,9
3173,278,41
3174,1410,44
3175,440,1
3176,301,18
3177,7,34
3178,7,34
3179,51,8
3180,187,23
3181,303,31
3182,1569,46
3183,461,32
3184,461,32
3185,257,6
3186,439,47
3187,1571,15
3189,440,1
3190,258,28
3191,1548,24
3192,257,6
3193,394,4
3194,484,17
3195,438,45
3196,303,31
3197,325,12
3198,1477,40
3199,51,8
3200,349,27
3201,1570,47
3202,1571,15
3203,256,5
3204,484,17
3205,98,19
3206,166,43
3207,233,23
3208,438,45
3209,76,14
3210,440,1
3211,142,3
3212,1432,51
3213,438,45
3214,508,29
3215,29,21
3216,1341,41
3217,5,2
3218,1456,52
3219,1571,15
3220,51,8
3221,96,2
3222,211,40
3223,576,13
3224,1548,24
3225,576,13
3226,1455,49
3227,30,53
3228,1456,52
3229,348,22
3230,370,38
3231,303,31
3232,1456,52
3233,280,33
3234,1432,51
3235,1569,46
3236,29,21
3237,440,1
3238,167,48
3239,29,21
3240,52,35
3241,1455,49
3242,143,43
3243,1432,51
3244,347,11
3245,416,10
3246,166,43
3247,440,1
3248,1478,40
3251,1478,40
3252,1525,0
3253,348,22
3254,210,7
3255,349,27
3256,120,9
3258,166,43
3259,280,33
3260,257,6
3261,189,30
3262,51,8
3263,52,35
3264,484,17
3265,461,32
3266,7,34
3267,256,5
3268,1571,15
3269,233,23
3270,347,11
3271,1571,15
3272,1524,51
3273,371,25
3274,187,23
3275,167,48
3276,1524,51
3277,530,37
3278,392,18
3279,370,38
3280,233,23
3281,485,50
3282,1570,47
3283,97,8
3284,531,26
3285,167,48
3286,416,10
3287,52,35
3288,484,17
3289,349,27
3290,370,38
3291,370,38
3292,508,29
3293,1434,36
3294,189,30
3295,121,27
3296,1548,24
3297,99,48
3298,440,1
3299,347,11
3300,233,23
3301,508,29
3302,438,45
3303,301,18
3304,7,34
3305,325,12
3306,1548,24
3307,30,53
3308,210,7
3309,166,43
3310,1526,13
3311,187,23
3312,394,4
3313,440,1
3314,325,12
3315,461,32
3316,394,4
3317,348,22
3318,1502,37
3319,143,43
3320,440,1
3321,188,5
3322,280,33
3323,7,34
3324,485,50
3325,370,38
3326,29,21
3327,1410,44
3328,166,43
3329,74,9
3330,280,33
3331,257,6
3332,7,34
3333,392,18
3335,1480,13
3336,1388,36
3337,257,6
3338,461,32
3339,7,34
3340,74,9
3341,303,31
3342,7,34
3343,440,1
3344,7,34
3345,188,5
3346,576,13
3347,1432,51
3348,416,10
3349,210,7
3350,1546,5
3351,1523,39
3352,51,8
3353,531,26
3354,190,28
3355,1500,3
3356,1502,37
3357,233,23
3358,99,48
3359,531,26
3360,1546,5
3361,417,16
3362,166,43
3363,508,29
3364,280,33
3365,438,45
3366,120,9
3367,143,43
3368,166,43
3369,508,29
3371,1546,5
3372,371,25
3373,119,40
3374,1525,0
3375,76,14
3377,531,26
3378,325,12
3379,302,3
3380,416,10
3381,98,19
3382,484,17
3383,324,41
3384,1455,49
3385,347,11
3386,508,29
3387,1547,35
3388,142,3
3389,416,10
3390,484,17
3391,211,40
3392,461,32
3393,440,1
3394,325,12
3395,1480,13
3396,1456,52
3397,119,40
3398,7,34
3399,303,31
3400,1411,36
3401,121,27
3402,1547,35
3403,28,2
3404,439,47
3405,120,9
3406,1526,13
3407,1456,52
3408,1570,47
3409,1341,41
3410,371,25
3411,51,8
3413,257,6
3414,325,12
3415,485,50
3416,257,6
3417,166,43
3418,1571,15
3419,1478,40
3420,1411,36
3421,416,10
3422,1502,37
3423,303,31
3424,394,4
3425,235,19
3426,29,21
3427,97,8
3428,461,32
3429,461,32
3430,508,29
3431,210,7
3432,121,27
3433,211,40
3434,370,38
3435,280,33
3436,166,43
3437,508,29
3438,97,8
3439,507,42
3441,326,28
3442,439,47
3443,1455,49
3444,325,12
3445,29,21
3446,508,29
3447,76,14
3448,1456,52
3449,530,37
3450,303,31
3451,1457,24
3452,52,35
3453,484,17
3454,417,16
3455,211,40
3456,51,8
3457,211,40
3458,1570,47
3459,1434,36
3460,233,23
3461,416,10
3462,486,48
3463,1525,0
3464,76,14
3465,1478,40
3466,1457,24
3467,371,25
3469,76,14
3470,302,3
3471,415,44
3472,1569,46
3473,302,3
3474,98,19
3475,484,17
3476,1477,40
3477,507,42
3478,440,1
3479,531,26
3480,280,33
3481,30,53
3482,1432,51
3483,256,5
3484,438,45
3485,439,47
3486,439,47
3487,280,33
3488,52,35
3489,256,5
3490,1571,15
3491,1456,52
3492,1569,46
3493,415,44
3494,1477,40
3495,440,1
3496,347,11
3497,484,17
3498,1456,52
3499,210,7
3500,210,7
3501,189,30
3502,166,43
3503,392,18
3504,462,50
3505,508,29
3506,348,22
3507,98,19
3508,553,13
3510,531,26
3511,416,10
3512,167,48
3513,531,26
3514,462,50
3515,1571,15
3516,417,16
3517,165,9
3518,484,17
3519,507,42
3520,1571,15
3521,5,2
3523,508,29
3524,461,32
3525,508,29
3526,257,6
3527,1571,15
3528,348,22
3529,98,19
3530,29,21
3531,438,45
3532,166,43
3533,1571,15
3534,530,37
3535,507,42
3536,301,18
3537,166,43
3538,76,14
3539,120,9
3540,51,8
3541,347,11
3542,189,30
3543,371,25
3544,30,53
3545,1434,36
3546,98,19
3547,210,7
3548,52,35
3549,30,53
3550,1571,15
3551,280,33
3552,507,42
3553,347,11
3554,507,42
3555,1410,44
3556,1432,51
3557,1456,52
3558,462,50
3559,394,4
3560,28,2
3561,166,43
3562,1570,47
3563,98,19
3564,1456,52
3565,257,6
3566,484,17
3567,1455,49
3568,439,47
3569,257,6
3570,1523,39
3571,119,40
3572,1502,37
3573,301,18
3574,325,12
3575,1523,39
3576,76,14
3577,76,14
3578,1570,47
3579,256,5
3580,1455,49
3581,531,26
3582,1410,44
3583,76,14
3584,233,23
3585,348,22
3586,1571,15
3587,1410,44
3588,461,32
3589,508,29
3590,1411,36
3591,52,35
3592,188,5
3593,53,14
3594,371,25
3595,1523,39
3596,392,18
3597,99,48
3598,1455,49
3599,1546,5
3600,371,25
3601,122,28
3602,122,28
3603,301,18
3604,1571,15
3605,463,48
3606,210,7
3607,29,21
3608,371,25
3609,189,30
3610,371,25
3611,1569,46
3612,98,19
3613,1569,46
3614,280,33
3615,235,19
3616,508,29
3617,1569,46
3618,119,40
3619,1548,24
3620,417,16
3621,51,8
3622,30,53
3623,76,14
3624,99,48
3625,507,42
3626,1523,39
3627,415,44
3628,1547,35
3629,303,31
3630,462,50
3631,1456,52
3632,98,19
3633,51,8
3634,1569,46
3635,280,33
3636,280,33
3637,1454,2
3638,1454,2
3639,235,19
3640,1478,40
3641,1455,49
3642,484,17
3643,461,32
3644,303,31
3645,531,26
3646,301,18
3647,302,3
3648,484,17
3649,508,29
3650,51,8
3651,508,29
3652,394,4
3653,531,26
3654,392,18
3655,394,4
3656,416,10
3657,324,41
3658,392,18
3659,370,38
3660,509,28
3661,235,19
3662,187,23
3663,531,26
3664,325,12
3665,256,5
3666,348,22
3667,29,21
3668,347,11
3669,349,27
3670,440,1
3672,394,4
3673,51,8
3674,348,22
3675,7,34
3676,98,19
3677,29,21
3678,507,42
3679,415,44
3680,119,40
3681,348,22
3682,188,5
3683,301,18
3684,508,29
3685,52,35
3686,1523,39
3687,1523,39
3688,1570,47
3689,303,31
3690,1454,2
3691,1524,51
3692,257,6
3693,1478,40
3694,1524,51
3695,280,33
3696,508,29
3697,463,48
3698,347,11
3699,531,26
3700,281,28
3701,121,27
3702,189,30
3703,415,44
3704,394,4
3705,1525,0
3706,98,19
3707,30,53
3708,439,47
3709,121,27
3710,165,9
3711,1523,39
3712,507,42
3713,462,50
3714,1457,24
3715,461,32
3716,30,53
3717,370,38
3718,233,23
3719,1388,36
3720,347,11
3721,7,34
3722,461,32
3723,553,13
3724,531,26
3725,303,31
3726,258,28
3727,52,35
3728,1569,46
3729,394,4
3730,530,37
3731,1500,3
3732,303,31
3733,7,34
3734,485,50
3735,53,14
3736,462,50
3737,1411,36
3738,370,38
3739,29,21
3740,371,25
3741,416,10
3742,1569,46
3743,98,19
3744,394,4
3745,211,40
3746,416,10
3747,1569,46
3748,325,12
3749,1548,24
3750,370,38
3751,280,33
3752,166,43
3753,51,8
3754,508,29
3755,348,22
3756,392,18
3757,1547,35
3758,1432,51
3759,51,8
3760,257,6
3761,187,23
3762,440,1
3763,281,28
3764,256,5
3765,1456,52
3766,325,12
3767,370,38
3768,166,43
3769,1569,46
3770,325,12
3771,1548,24
3772,1502,37
3773,508,29
3774,303,31
3775,1455,49
3776,462,50
3777,1341,41
3778,371,25
3780,416,10
3781,303,31
3782,1410,44
3783,301,18
3784,1523,39
3785,1523,39
3786,165,9
3787,349,27
3788,461,32
3789,76,14
3790,280,33
3791,29,21
3792,1409,39
3793,507,42
3794,370,38
3795,371,25
3796,530,37
3797,1432,51
3798,1525,0
3799,1503,13
3800,438,45
3801,1480,13
3802,1547,35
3803,1570,47
3804,1523,39
3805,29,21
3806,190,28
3807,1454,2
3808,394,4
3809,507,42
3811,121,27
3812,462,50
3813,1478,40
3814,189,30
3815,1568,2
3816,394,4
3817,303,31
3818,371,25
3819,233,23
3820,303,31
3821,189,30
3822,553,13
3823,1454,2
3824,1477,40
3825,189,30
3826,531,26
3827,187,23
3828,257,6
3829,256,5
3830,324,41
3831,7,34
3832,52,35
3833,1410,44
3834,257,6
3835,325,12
3836,1457,24
3837,142,3
3838,507,42
3839,1523,39
3840,1455,49
3841,1455,49
3842,1569,46
3843,142,3
3844,1502,37
3845,257,6
3846,347,11
3848,1526,13
3849,256,5
3850,462,50
3851,166,43
3852,280,33
3853,29,21
3854,29,21
3855,1525,0
3856,371,25
3857,417,16
3858,348,22
3859,1410,44
3860,484,17
3861,257,6
3862,1388,36
3863,461,32
3864,189,30
3865,7,34
3866,371,25
3867,1456,52
3868,51,8
3869,1569,46
3870,1455,49
3871,507,42
3872,461,32
3873,235,19
3874,1478,40
3875,461,32
3876,1500,3
3877,189,30
3878,1388,36
3879,256,5
3880,371,25
3881,1388,36
3882,325,12
3883,417,16
3884,167,48
3885,417,16
3886,235,19
3887,1455,49
3888,508,29
3889,530,37
3890,303,31
3891,324,41
3892,303,31
3893,257,6
3894,1523,39
3895,324,41
3896,1455,49
3897,416,10
3898,531,26
3899,257,6
3900,210,7
3901,213,28
3902,29,21
3903,29,21
3904,553,13
3905,51,8
3906,417,16
3907,394,4
3908,394,4
3910,461,32
3911,213,28
3912,1454,2
3913,371,25
3914,1524,51
3915,121,27
3916,119,40
3917,439,47
3918,7,34
3919,347,11
3920,372,48
3921,484,17
3922,189,30
3923,51,8
3924,1503,13
3925,348,22
3926,326,28
3927,438,45
3928,1571,15
3929,507,42
3930,74,9
3931,1455,49
3932,76,14
3933,96,2
3934,484,17
3935,484,17
3936,325,12
3937,416,10
3939,416,10
3940,52,35
3941,484,17
3942,1569,46
3943,1570,47
3944,30,53
3945,235,19
3946,348,22
3948,439,47
3949,370,38
3950,531,26
3951,7,34
3952,304,28
3953,1526,13
3954,1569,46
3955,531,26
3956,1569,46
3957,1523,39
3958,1455,49
3959,278,41
3960,7,34
3961,257,6
3962,76,14
3963,416,10
3964,440,1
3965,394,4
3966,233,23
3967,165,9
3968,76,14
3969,440,1
3970,280,33
3971,120,9
3972,508,29
3973,1411,36
3974,280,33
3975,486,48
3977,509,28
3978,1571,15
3979,484,17
3980,415,44
3981,348,22
3982,372,48
3983,280,33
3984,1547,35
3985,302,3
3986,257,6
3987,281,28
3988,5,2
3989,166,43
3990,280,33
3991,142,3
3992,1341,41
3993,7,34
3994,189,30
3995,1503,13
3996,416,10
3997,325,12
3998,189,30
3999,28,2
4000,211,40
4001,303,31
4002,1526,13
4003,1456,52
4004,30,53
4005,257,6
4006,461,32
4007,438,45
4008,1456,52
4009,1546,5
4010,52,35
4011,1571,15
4013,1456,52
4014,438,45
4015,5,2
4016,210,7
4017,29,21
4018,30,53
4019,438,45
4020,30,53
4021,371,25
4022,508,29
4023,188,5
4024,165,9
4025,281,28
4026,1411,36
4027,348,22
4028,1456,52
4029,1432,51
4030,29,21
4031,233,23
4032,301,18
4033,29,21
4034,348,22
4036,1569,46
4037,257,6
4038,347,11
4039,438,45
4040,395,28
4041,257,6
4042,484,17
4043,210,7
4044,51,8
4045,256,5
4046,256,5
4047,1524,51
4048,76,14
4049,99,48
4050,99,48
4051,1388,36
4052,349,27
4053,415,44
4054,1570,47
4055,30,53
4056,7,34
4057,98,19
4058,531,26
4059,189,30
4061,1570,47
4062,1525,0
4063,394,4
4064,349,27
4066,302,3
4067,121,27
4069,52,35
4070,415,44
4072,166,43
4073,121,27
4074,53,14
4075,280,33
4076,187,23
4077,51,8
4078,1432,51
4079,439,47
4080,438,45
4081,484,17
4082,508,29
4083,1569,46
4084,1523,39
4085,121,27
4086,395,28
4087,531,26
4088,484,17
4089,1410,44
4090,439,47
4091,76,14
4092,190,28
4093,1523,39
4094,392,18
4095,1548,24
4096,99,48
4098,394,4
4099,30,53
4100,394,4
4101,415,44
4102,1502,37
4103,280,33
4104,347,11
4105,1388,36
4106,325,12
4107,166,43
4108,1524,51
4109,165,9
4110,1523,39
4111,462,50
4112,325,12
4113,1500,3
4114,52,35
4115,1456,52
4116,324,41
4117,301,18
4118,531,26
4119,190,28
4120,394,4
4121,210,7
4122,142,3
4123,1432,51
4124,301,18
4125,508,29
4126,1525,0
4127,7,34
4128,1571,15
4129,1523,39
4130,1571,15
4131,119,40
4132,1432,51
4133,462,50
4134,1548,24
4135,7,34
4136,530,37
4137,189,30
4138,440,1
4139,416,10
4140,370,38
4141,120,9
4142,507,42
4143,303,31
4144,347,11
4145,439,47
4146,210,7
4147,461,32
4148,1525,0
4149,347,11
4150,165,9
4151,1525,0
4152,303,31
4153,1548,24
4154,348,22
4155,189,30
4156,461,32
4157,167,48
4158,485,50
4159,461,32
4160,508,29
4161,1432,51
4162,235,19
4163,1457,24
4164,76,14
4165,531,26
4166,142,3
4167,576,13
4168,461,32
4169,439,47
4170,166,43
4171,1432,51
4172,1432,51
4173,235,19
4174,531,26
4175,121,27
4176,415,44
4177,1523,39
4178,416,10
4179,438,45
4180,1525,0
4181,213,28
4182,167,48
4183,76,14
4184,1454,2
4185,76,14
4186,7,34
4187,7,34
4188,1525,0
4189,438,45
4190,5,2
4191,280,33
4192,417,16
4193,96,2
4194,531,26
4195,507,42
4196,553,13
4197,51,8
4198,484,17
4199,188,5
4200,96,2
4201,1434,36
4202,121,27
4203,233,23
4204,486,48
4205,370,38
4206,531,26
4207,7,34
4208,416,10
4209,417,16
4210,51,8
4211,1454,2
4212,1571,15
4213,370,38
4214,7,34
4215,1434,36
4216,508,29
4217,256,5
4218,165,9
4219,119,40
4220,1525,0
4221,166,43
4222,280,33
4223,485,50
4224,1480,13
4225,1432,51
4226,394,4
4227,1500,3
4228,371,25
4229,325,12
4230,1388,36
4231,7,34
4232,1341,41
4233,1525,0
4234,440,1
4235,325,12
4236,189,30
4237,507,42
4238,508,29
4239,257,6
4240,52,35
4241,371,25
4242,1571,15
4243,392,18
4244,371,25
4245,1502,37
4246,1526,13
4247,417,16
4248,1571,15
4249,372,48
4250,30,53
4251,1523,39
4252,1455,49
4253,576,13
4254,29,21
4255,438,45
4256,1434,36
4257,97,8
4258,416,10
4259,7,34
4260,210,7
4261,438,45
4262,96,2
4263,7,34
4264,325,12
4265,233,23
4266,1432,51
4267,7,34
4268,461,32
4269,1569,46
4270,438,45
4271,507,42
4272,303,31
4273,7,34
4274,485,50
4275,1502,37
4276,347,11
4277,52,35
4278,304,28
4279,52,35
4280,1454,2
4281,416,10
4282,415,44
4283,1456,52
4284,438,45
4285,439,47
4286,440,1
4287,1478,40
4288,347,11
4289,51,8
4290,52,35
4291,415,44
4292,76,14
4293,530,37
4294,324,41
4295,98,19
4296,371,25
4297,1569,46
4298,304,28
4299,1526,13
4300,325,12
4301,485,50
4302,98,19
4303,349,27
4304,189,30
4305,372,48
4306,1525,0
4307,278,41
4308,210,7
4309,1523,39
4310,1571,15
4311,438,45
4312,347,11
4313,1456,52
4314,1525,0
4315,76,14
4316,120,9
4317,461,32
4318,7,34
4319,1571,15
4320,29,21
4321,1477,40
4322,462,50
4324,1571,15
4325,51,8
4326,1455,49
4327,531,26
4328,52,35
4329,29,21
4330,187,23
4331,121,27
4332,371,25
4333,1455,49
4334,1455,49
4335,530,37
4336,233,23
4337,417,16
4338,417,16
4339,121,27
4340,507,42
4341,394,4
4342,1523,39
4343,1546,5
4344,417,16
4345,461,32
4346,484,17
4347,531,26
4348,76,14
4349,392,18
4350,1548,24
4351,257,6
4352,1571,15
4353,30,53
4354,1455,49
4355,461,32
4356,235,19
4357,303,31
4358,1456,52
4359,211,40
4360,325,12
4361,1411,36
4362,486,48
4363,440,1
4364,1526,13
4365,439,47
4366,372,48
4367,74,9
4368,462,50
4369,349,27
4370,96,2
4371,1457,24
4372,76,14
4373,485,50
4374,74,9
4375,1500,3
4376,325,12
4377,165,9
4378,553,13
4379,484,17
4380,1525,0
4381,1569,46
4382,440,1
4383,233,23
4384,143,43
4385,325,12
4386,1477,40
4387,485,50
4388,301,18
4389,280,33
4390,304,28
4391,1502,37
4392,210,7
4393,415,44
4394,1457,24
4395,347,11
4396,122,28
4397,484,17
4398,1500,3
4399,348,22
4400,462,50
4401,417,16
4402,30,53
4403,1525,0
4404,1569,46
4405,257,6
4406,235,19
4407,1571,15
4408,98,19
4409,51,8
4410,416,10
4411,439,47
4412,280,33
4413,1568,2
4414,1455,49
4415,370,38
4416,1569,46
4417,210,7
4418,1568,2
4419,371,25
4420,507,42
4421,76,14
4422,1568,2
4423,52,35
4424,99,48
4425,1457,24
4426,461,32
4427,166,43
4428,417,16
4429,370,38
4430,96,2
4431,1456,52
4432,485,50
4433,121,27
4434,167,48
4435,349,27
4436,507,42
4437,1456,52
4438,51,8
4439,1341,41
4440,235,19
4441,1502,37
4442,51,8
4443,531,26
4444,324,41
4445,1432,51
4446,53,14
4447,30,53
4448,1432,51
4449,417,16
4450,371,25
4451,484,17
4452,530,37
4453,233,23
4454,440,1
4455,507,42
4456,210,7
4457,188,5
4458,257,6
4459,1455,49
4460,531,26
4461,531,26
4462,394,4
4463,1548,24
4464,1548,24
4466,1548,24
4467,1571,15
4468,371,25
4469,394,4
4470,325,12
4471,1548,24
4472,187,23
4473,394,4
4474,1455,49
4475,531,26
4476,210,7
4477,325,12
4478,188,5
4479,507,42
4480,30,53
4481,347,11
4482,349,27
4483,348,22
4484,349,27
4485,1547,35
4486,1571,15
4487,210,7
4488,1569,46
4489,233,23
4490,30,53
4491,415,44
4492,531,26
4493,1456,52
4494,485,50
4495,1456,52
4496,1455,49
4497,347,11
4498,1546,5
4499,280,33
4500,99,48
4501,303,31
4502,278,41
4503,370,38
4504,1546,5
4505,370,38
4506,1480,13
4507,370,38
4508,415,44
4509,52,35
4510,1454,2
4511,51,8
4512,325,12
4513,508,29
4514,1546,5
4515,303,31
4516,30,53
4517,1411,36
4518,508,29
4519,119,40
4520,1525,0
4521,189,30
4522,1568,2
4523,1434,36
4524,142,3
4525,210,7
4526,416,10
4527,51,8
4528,415,44
4529,415,44
4530,348,22
4531,98,19
4532,233,23
4533,370,38
4534,188,5
4535,303,31
4536,210,7
4537,257,6
4538,416,10
4539,1456,52
4540,347,11
4541,210,7
4542,257,6
4543,301,18
4544,1569,46
4545,51,8
4546,1571,15
4547,484,17
4548,371,25
4549,372,48
4550,1478,40
4551,189,30
4552,189,30
4553,303,31
4554,52,35
4555,1502,37
4556,392,18
4557,440,1
4558,1523,39
4559,98,19
4560,1524,51
4561,1569,46
4562,167,48
4563,1523,39
4564,51,8
4565,235,19
4566,417,16
4567,28,2
4568,189,30
