unique_satellite_id,predicted_gateway,actual_gateway_id,assigned_cells,actual_cell_ids
5,2,8,"[2332, 3221, 3637, 3638, 3690, 3807, 3815, 3912]","[78, 128, 220, 254, 369, 600, 632, 750, 761, 827, 846, 890, 946, 1004, 1005, 1083, 1139, 1227, 1262, 1371, 1433, 1538, 1639, 1777, 1787, 1820, 1946, 2010, 2257, 2331, 2340, 2541, 2583, 2585, 2659, 2714, 2715, 2751, 2803, 2848, 2913, 2976, 3007, 3031, 3066, 3079, 3089, 3093, 3125, 3179, 3199, 3220, 3262, 3283, 3352, 3411, 3427, 3438, 3456, 3540, 3621, 3633, 3650, 3673, 3753, 3759, 3868, 3905, 3923, 4044, 4077, 4197, 4210, 4257, 4289, 4325, 4409, 4438, 4442, 4511, 4527, 4545, 4564]"
7,34,34,"[2417, 2568, 2594, 2685, 2703, 2761, 2804, 2898, 3082, 3177, 3178, 3304, 3323, 3398, 3424, 3549, 3622, 3675, 3716, 3733, 3744, 3831, 3951, 4056, 4186, 4207, 4231, 4259, 4263, 4273, 4274, 4318]","[176, 274, 312, 345, 399, 416, 445, 512, 586, 723, 826, 837, 933, 976, 1012, 1163, 1173, 1235, 1248, 1255, 1321, 1655, 1658, 1667, 1716, 1754, 1766, 1828, 1865, 1898, 1912, 1929, 1988, 2134, 2169, 2215, 2392, 2403, 2452, 2477, 2548, 2568, 2594, 2598, 2635, 2685, 2696, 2703, 2898, 2961, 3023, 3077, 3082, 3136, 3177, 3178, 3266, 3304, 3323, 3332, 3339, 3342, 3344, 3398, 3675, 3721, 3733, 3831, 3865, 3918, 3951, 3960, 3993, 4056, 4127, 4135, 4186, 4187, 4207, 4214, 4231, 4259, 4263, 4267, 4273, 4318]"
8,29,29,"[20, 67, 73, 92, 93, 108, 163, 212, 226, 276, 303, 372, 375, 435, 440, 456, 485, 495, 505, 536, 598, 601, 641, 649, 713, 732, 748, 802, 820, 865, 870, 873, 891, 911, 916, 1001, 1063, 1103, 1106, 1107, 1109, 1118, 1135, 1150, 1212, 1216, 1295, 1350, 1363, 1389, 1516, 1529, 1531, 1542, 1550, 1573, 1653, 1661, 1734, 1836, 1864, 1899, 1945, 1971, 1992, 2020, 2035, 2184, 2198, 2205, 2218, 2254, 2291, 2309, 2367, 2369, 2465, 2519, 2525]","[92, 148, 212, 713, 732, 865, 873, 1028, 1103, 1150, 1295, 1350, 1363, 1389, 1531, 1542, 1573, 1653, 1661, 1899, 1971, 2007, 2035, 2205, 2309, 2367, 2465, 2638, 2920, 2934, 3020, 3021, 3214, 3292, 3301, 3386, 3430, 3437, 3523, 3616, 3684, 3888, 3972, 4022]"
28,3,3,"[1315, 1317, 1338, 1402, 1428, 1440, 1639, 1848]","[41, 394, 618, 651, 715, 779, 866, 942, 1069, 1148, 1187, 1358, 1401, 1452, 1461, 1493, 1506, 1574, 1598, 1700, 1731, 1840, 2015, 2040, 2099, 2126, 2140, 2204, 2304, 2428, 2535, 2684, 2822, 2903, 3015, 3211, 3355, 3470, 3837, 3991, 4122, 4166, 4227, 4375]"
29,6,6,"[30, 31, 59, 86, 109, 111, 124, 141, 260, 286, 302, 305, 323, 348, 392, 410, 493, 496, 508, 550, 565, 577, 613, 663, 679, 716, 721, 749, 765, 770, 777, 855, 862, 894, 923, 948, 966, 1014, 1047, 1077, 1114, 1127, 1161, 1181, 1215, 1237, 1253, 1256, 1455, 1469, 1477, 1484, 1489, 1518, 1581, 1582, 1608, 1619, 1798, 1869, 1871, 1873, 1885, 1886, 1887, 1896, 1902, 1906, 1907, 1910, 1934, 1964, 1965, 2013, 2064, 2087, 2104, 2153, 2298, 2410, 2459, 2542, 2555, 2569, 2596, 2636, 2642, 2731, 2768, 2784, 2810, 2854, 2874, 2895, 2927, 3000, 3002, 3025, 3057, 3058, 3146, 3149, 3170, 3181, 3196, 3236, 3239, 3326, 3341, 3399, 3416, 3426, 3445, 3530, 3629, 3644, 3667, 3677, 3692, 3725, 3732, 3805, 3817, 3820, 3828, 3834, 3845, 3853, 3854, 3902, 3961, 3974, 3983, 3986, 4001, 4017, 4030, 4033, 4075, 4143, 4152, 4254, 4272, 4329, 4357, 4405, 4412, 4501, 4515, 4537, 4542, 4553]","[31, 35, 109, 124, 141, 260, 286, 305, 392, 396, 409, 410, 493, 496, 515, 531, 551, 621, 674, 702, 855, 926, 940, 981, 1014, 1047, 1259, 1518, 1873, 1885, 1887, 1896, 1910, 1965, 2064, 2163, 2217, 2287, 2334, 2444, 3192, 4239]"
30,16,16,"[2324, 2391, 2398, 2402, 2405, 2429, 2433, 2475, 2505, 2516, 2517, 2531, 2534, 2797, 2820, 2899, 2928, 2932, 2948, 2967, 2971, 3045, 3100, 3111, 3133, 3165, 3167, 3189, 3200, 3237, 3247, 3295, 3298, 3320, 3343, 3432, 3576, 3645, 3670, 3701, 3709, 3762, 3811, 3915, 3932, 3955, 3964, 3969, 4064, 4067, 4085, 4138, 4165, 4202, 4234, 4286, 4331, 4339, 4363, 4372, 4382, 4433, 4454, 4492, 4557]","[33, 55, 143, 193, 215, 219, 222, 242, 263, 318, 467, 583, 612, 616, 647, 671, 691, 712, 752, 763, 900, 1122, 1261, 1368, 1381, 1409, 1445, 1466, 1564, 1568, 1944, 1966, 1969, 2199, 2284, 2313, 2464, 3516, 3857, 4247, 4401, 4449]"
51,3,2,"[144, 347, 483, 848, 1008, 1081, 1139, 1158, 1192, 1262]","[87, 362, 730, 893, 912, 1021, 1158, 1192, 1232, 1315, 1317, 1402, 1428, 1440, 1939, 1987, 2034, 2079, 2332, 2883, 3221, 3521, 3560, 4280, 4418, 4522, 4567]"
52,33,21,"[2350, 2359, 2476, 2560, 2562, 2603, 2627, 2629, 2649, 2716, 2809, 2835, 2879, 2892, 3316, 3330, 3364, 3480, 3507, 3546, 3563, 3609, 3612, 3614, 3702, 3706, 3729, 3743, 3751, 3790, 3808, 3922, 4063, 4098, 4100, 4103, 4120, 4226, 4236, 4295, 4462, 4469, 4521]","[14, 86, 111, 231, 273, 302, 323, 348, 446, 550, 562, 613, 645, 663, 706, 894, 948, 1002, 1091, 1114, 1127, 1134, 1161, 1181, 1237, 1239, 1541, 1581, 1582, 1608, 1619, 1684, 1886, 1902, 1906, 1926, 1934, 1964, 2557, 3025, 3239]"
53,14,16,[],"[1612, 1689, 1693, 1701, 1717, 1751, 1813, 1915, 1949, 1959, 2026, 2051, 2154, 2186, 2189, 2200, 2240, 2295, 2300, 2394, 2437, 2531, 2730, 2785, 2859, 2899, 3067, 3075, 3106, 3124, 3127, 3361, 3454, 3620, 3883, 3885, 3906, 4192, 4209, 4337, 4338, 4344, 4428, 4566]"
74,8,9,"[41, 254, 600, 779, 827, 846, 861, 890, 1004, 1433, 1598, 1680, 1700, 1724, 2535, 2884, 2903, 2911, 3125, 3199, 3647, 3923, 3985, 4166, 4398, 4524]","[58, 147, 207, 320, 523, 546, 648, 858, 1265, 1334, 1485, 1662, 1817, 1913, 2093, 2234, 2368, 2484, 2488, 2605, 2911, 3256, 3366, 3405, 3539, 3971, 4141, 4316]"
75,33,33,"[28, 53, 208, 238, 277, 278, 304, 311, 339, 351, 404, 442, 561, 629, 774, 780, 785, 889, 971, 1128, 1156, 1160, 1179, 1193, 1202, 1307, 1379, 1453, 1467, 1488, 1593, 1695, 1723, 1727, 1940, 1961, 1977, 2006, 2044, 2081, 2151, 2175, 2214, 2244, 2323]","[30, 53, 74, 208, 211, 214, 239, 277, 298, 484, 749, 760, 780, 785, 955, 971, 1095, 1098, 1156, 1157, 1160, 1202, 1220, 1256, 1308, 1364, 1379, 1448, 1484, 1519, 1723, 1727, 1798, 1961, 1977, 2006, 2044, 2058, 2081, 2087, 2124, 2175, 2244, 2359, 2410, 2476, 2547, 2649, 2716, 2768, 2795, 2809, 2880, 2889, 2892, 2937, 3132, 3135, 3233, 3259, 3322, 3330, 3364, 3435, 3480, 3487, 3551, 3614, 3635, 3636, 3695, 3751, 3790, 3852, 3970, 3974, 3983, 3990, 4075, 4103, 4191, 4222, 4389, 4412, 4499]"
76,14,14,[],"[67, 199, 226, 435, 641, 649, 802, 891, 916, 1001, 1063, 1107, 1109, 1212, 1217, 1516, 1601, 1733, 1864, 1992, 2020, 2254, 2321, 2369, 2519, 2525, 2534, 2545, 2561, 2698, 2851, 2893, 2932, 3375, 3464, 3576, 3577, 3583, 3623, 3789, 3932, 3962]"
96,2,2,"[91, 245, 611, 884, 893, 919, 1120, 1203]","[91, 144, 347, 483, 611, 884, 1081, 1137, 1283, 1338, 1357, 1497, 1514, 1815, 1847, 2529, 2643, 3217, 3638, 3823, 3933, 3988, 3999, 4190, 4200, 4211, 4262, 4422]"
97,9,43,"[2573, 2580, 3043, 3246, 3319, 3340, 3405, 4072, 4109, 4316, 4377]","[2480, 2482, 2507, 2572, 2573, 2574, 2732, 2764, 2805, 2831, 2839, 2850, 2864, 2978, 2991, 3040, 3206, 3242, 3246, 3258, 3309, 3319, 3328, 3362, 3367, 3368, 3417, 3436, 3502, 3532, 3537, 3561, 3752, 3768, 3851, 3989, 4072, 4107, 4170, 4221, 4384, 4427]"
98,19,27,[],"[101, 256, 275, 294, 341, 402, 407, 425, 443, 595, 697, 718, 910, 972, 1320, 1340, 1410, 1502, 2089, 2373, 2429, 2516, 2745, 2820, 2827, 2885, 3053, 3295, 3401, 3432, 3701, 3709, 3811, 3915, 4067, 4085, 4175, 4202, 4331, 4339, 4433]"
99,48,48,[],"[80, 265, 292, 433, 642, 709, 1532, 1772, 2271, 2591, 2626, 2807, 2819, 3285, 3624, 3697, 3975, 4050, 4096, 4305, 4500]"
119,40,40,[],"[149, 382, 593, 630, 907, 1053, 1199, 1545, 1705, 1761, 1770, 1856, 2000, 2272, 2289, 2493, 2575, 2669, 2792, 3251, 3397, 3419, 3433, 3455, 3457, 3618, 3745, 3813, 4359]"
120,9,46,"[104, 200, 204, 258, 299, 803, 829, 887, 934, 1029, 1159, 1627, 1707, 1955, 2316, 2326, 2470]","[564, 631, 800, 815, 816, 836, 934, 1075, 1088, 1245, 1332, 1570, 1726, 1823, 2256, 2316, 2467, 2483, 2485, 2506, 2565, 2733, 2755, 2799, 2817, 2890, 3005, 3043, 3137, 3182, 3235, 3492, 3611, 3617, 3728, 3742, 3954, 4036, 4297, 4381, 4404, 4416]"
121,27,1,"[386, 580, 1596, 1909]","[65, 157, 201, 315, 479, 486, 517, 580, 791, 1023, 1052, 1304, 1326, 1370, 1463, 1743, 1909, 1986, 2402, 2475, 2487, 2505, 2680, 2797, 2928, 2948, 2971, 3045, 3047, 3100, 3111, 3133, 3165, 3175, 3189, 3210, 3247, 3298, 3320, 3343, 3393, 3670, 3762, 3969, 4138, 4234, 4286, 4363, 4454, 4557]"
122,28,28,"[3660, 3901, 3911]","[1398, 1785, 2589, 2945, 3087, 3660, 4278, 4396]"
142,3,3,"[3521, 3540, 3560, 3673, 3988, 4015, 4193, 4200, 4262]","[42, 361, 540, 682, 848, 861, 973, 1031, 1176, 1480, 1645, 1680, 1724, 1814, 1848, 1892, 2052, 2109, 2118, 2325, 2353, 2646, 2672, 2675, 2697, 2884, 2938, 2950, 3379, 3388, 3473, 3647, 3731, 3843, 3876, 3985, 4066, 4113, 4398, 4524]"
143,43,43,"[14, 15, 43, 70, 88, 177, 188, 196, 213, 231, 273, 280, 391, 396, 446, 503, 510, 515, 560, 562, 603, 639, 645, 673, 702, 706, 815, 816, 825, 885, 940, 943, 970, 981, 991, 1002, 1022, 1091, 1102, 1134, 1197, 1226, 1239, 1301, 1406, 1479, 1541, 1684, 1802, 1823, 1891, 1926, 1951, 2002, 2080, 2148, 2167, 2192, 2236, 2276, 2393, 2435, 2457, 2467, 2480, 2482, 2507, 2546, 2572, 2574, 2654, 2655, 2732, 2764, 2779, 2782, 2805, 2818, 2831, 2839, 2850, 2864, 2978, 2991, 3040, 3072, 3091, 3108, 3137, 3206, 3215, 3242, 3258, 3309, 3328, 3362, 3367, 3368, 3417, 3436, 3502, 3526, 3532, 3537, 3561, 3607, 3739, 3752, 3768, 3791, 3851, 3893, 3899, 3903, 3989, 4036, 4107, 4170, 4221, 4320, 4384, 4404, 4427]","[15, 43, 70, 88, 104, 177, 188, 196, 200, 213, 258, 280, 299, 391, 510, 560, 603, 604, 639, 673, 825, 885, 887, 943, 970, 1022, 1102, 1159, 1197, 1226, 1301, 1406, 1479, 1802, 1891, 1951, 1955, 2002, 2080, 2167, 2276, 2393]"
144,1,48,"[80, 270, 384, 675, 851, 1027, 1517, 1520, 1595, 1750, 1822, 1904, 2131, 2226, 2317, 2411, 2741, 2793, 2816, 2917, 2945, 3085, 3313, 3601, 3602, 3700, 3726, 3763, 3926, 3987, 4049, 4086, 4092, 4157, 4181]","[24, 113, 707, 729, 794, 834, 844, 1027, 1252, 1359, 1752, 2012, 2229, 2328, 2632, 2773, 2780, 3118, 3238, 3297, 3462, 3884, 3982, 4157]"
165,3,9,"[2034, 2099, 2144, 2529, 2585, 2643, 2675, 2697, 2938, 2976, 3007, 3015, 3031, 3217, 3403]","[279, 293, 504, 597, 742, 1029, 1079, 1225, 1400, 1627, 1629, 2187, 2640, 2699, 2790, 2808, 2887, 3046, 3086, 3092, 3517, 3710, 3786, 3967, 4024, 4109, 4150, 4218, 4377]"
166,31,31,"[2416, 2418, 2473, 2537, 2590, 2602, 2606, 2678, 2760, 2774, 2796, 2856, 2870, 2880, 2889, 2902, 2937, 2947, 2966, 3130, 3132, 3231, 3259, 3261, 3294, 3423, 3435, 3450, 3487, 3542, 3551, 3689, 3774, 3781, 3814, 3864, 3877, 3890, 3892, 3970, 3990, 3994, 4059, 4137, 4155, 4304, 4535, 4551, 4552, 4568]","[9, 17, 59, 307, 400, 503, 508, 565, 577, 679, 716, 721, 746, 765, 770, 777, 788, 862, 923, 927, 928, 966, 991, 1041, 1077, 1215, 1241, 1244, 1250, 1253, 1277, 1455, 1469, 1477, 1489, 1563, 1615, 1640, 1869, 1871, 1901, 1907, 1973]"
167,48,28,[],"[675, 851, 2060, 2423, 3354, 3601, 3926, 4025]"
187,23,40,"[32, 362, 587, 1154, 1232, 1275, 1299, 1775, 1815, 2079, 2158, 2174]","[62, 139, 165, 285, 628, 669, 1224, 1242, 1286, 1312, 1435, 1521, 1567, 2503, 2665, 2871, 3198, 3222, 3248, 3391, 3465, 3494, 3640, 3874, 4131, 4321, 4386, 4519]"
188,5,5,"[2485, 2488, 2491, 2541, 2565, 2583, 2605, 2616, 2622, 2640, 2652, 2659, 2684, 2699, 2714, 2715, 2726, 2733, 2751, 2755, 2790, 2803, 2808, 2822, 2848, 2887, 2908, 2910, 2913, 2935, 2950, 2953, 2990, 3005, 3046, 3066, 3079, 3086, 3088, 3089, 3092, 3093, 3172, 3179, 3182, 3211, 3220, 3235, 3256, 3262, 3267, 3283, 3329, 3345, 3352, 3360, 3366, 3379, 3388, 3411, 3427, 3438, 3456, 3457, 3470, 3489, 3492, 3517, 3539, 3570, 3579, 3595, 3621, 3633, 3650, 3665, 3682, 3710, 3731, 3753, 3759, 3786, 3837, 3849, 3868, 3876, 3905, 3930, 3967, 3971, 4024, 4044, 4046, 4066, 4077, 4084, 4093, 4113, 4122, 4141, 4150, 4197, 4210, 4218, 4251, 4257, 4289, 4297, 4309, 4325, 4342, 4367, 4374, 4375, 4409, 4416, 4438, 4442, 4457, 4504, 4511, 4527, 4534, 4545, 4564]","[2, 99, 138, 334, 387, 605, 1090, 1143, 1196, 1276, 1893, 1933, 1972, 2440, 2513, 2616, 2726, 2919, 3103, 3350, 3360, 3371, 3592, 3682, 4023, 4457, 4498, 4534]"
189,30,30,"[3, 103, 166, 175, 191, 210, 266, 267, 275, 297, 317, 333, 364, 373, 388, 390, 401, 494, 520, 578, 625, 714, 751, 806, 841, 843, 849, 878, 967, 985, 1035, 1042, 1105, 1112, 1116, 1125, 1136, 1172, 1218, 1251, 1305, 1319, 1367, 1374, 1383, 1447, 1460, 1470, 1505, 1523, 1580, 1590, 1610, 1623, 1641, 1686, 1758, 1797, 1806, 1837, 1854, 1860]","[3, 10, 103, 166, 175, 225, 237, 238, 266, 390, 404, 457, 494, 520, 563, 581, 606, 625, 685, 751, 814, 823, 1172, 1307, 1453, 1470, 1505, 1580, 1590, 1610, 1623, 1665, 1695, 1806, 2045, 2069, 2092, 2170, 2250, 2252, 2314, 2348, 2366]"
190,28,28,"[4298, 4390, 4396]","[270, 349, 790, 1764, 3016, 3085]"
210,7,23,"[22, 56, 62, 84, 115, 146, 159, 236, 247, 285, 469, 519, 559, 643, 669, 684, 793, 859, 938, 1000, 1039, 1072, 1210, 1297, 1303, 1306, 1413, 1533, 1551, 1632, 1651, 1678, 1721, 1765, 1792, 1801, 1843, 1876, 1950, 1953, 1960, 1996, 2106, 2121, 2135, 2171]","[22, 63, 115, 159, 424, 542, 559, 676, 1039, 1605, 1801, 2222, 2582, 2647, 2663, 2873, 2904, 3014, 3083, 3274, 3300, 3311, 3584, 3662, 3718, 4076, 4203, 4265, 4489]"
211,21,21,[],"[2013, 2148, 2153, 2192, 2236, 2435, 2457, 2596, 2636, 2642, 2654, 2655, 2731, 2782, 2818, 2895, 3072, 3091, 3108, 3146, 3149, 3215, 3236, 3326, 3426, 3445, 3530, 3607, 3667, 3677, 3739, 3791, 3805, 3853, 3854, 3902, 3903, 4017, 4030, 4033, 4254, 4320, 4329]"
212,19,19,[],"[210, 267, 317, 333, 364, 388, 578, 849, 878, 985, 1035, 1112, 1116, 1125, 1136, 1218, 1251, 1367, 1374, 1523, 1641, 1758, 1837, 1860, 1903, 2071, 2120, 2136, 2149, 2285, 2345, 2601, 2689, 2735, 2996, 3205, 3425, 3529, 3615, 3639, 3661, 3873, 3886, 3945]"
213,28,28,"[2710, 2812, 3010]","[229, 447, 908, 1557, 1624, 3901, 3911]"
233,49,39,"[3241, 3384, 3567, 3711, 3784, 3840, 3841, 3896, 3957, 3958, 4414, 4496, 4563]","[81, 100, 168, 190, 234, 898, 987, 1183, 1559, 1571, 1649, 1948, 2042, 2150, 2512, 2789, 2868, 2914, 2994, 3074, 3595, 3626, 3686, 3687, 3711, 3784, 3785, 3792, 3804, 3839, 3894, 3957, 4084, 4093, 4110, 4129, 4177, 4251, 4309, 4342, 4558, 4563]"
234,21,9,[],"[131, 181, 204, 353, 395, 439, 534, 803, 829, 1060, 1085, 1130, 1213, 1266, 1492, 1587, 1690, 1707, 2326, 2470, 2580, 2652, 2910, 3172, 3329, 3340, 3930, 4367, 4374]"
235,28,28,"[1785, 1808, 2060]","[54, 1750, 2131, 2317, 2776, 2917, 3726, 3763]"
256,12,51,"[11, 16, 23, 34, 64, 89, 100, 112, 119, 120, 123, 161, 172, 178, 190, 234, 287, 295, 322, 329, 334, 346, 355, 359, 371, 387, 464, 490, 509, 537, 541, 544, 575, 589, 657, 660, 668, 701, 738, 753, 754]","[107, 130, 355, 506, 657, 664, 668, 681, 753, 822, 830, 838, 992, 1034, 1040, 1055, 1062, 1092, 1170, 1174, 1189, 1246, 1264, 1279, 1392, 1437, 1439, 1457, 1511, 1670, 1699, 1714, 1741, 1745, 1841, 1842, 1927, 1980, 2046, 2068, 2072, 2132, 2162, 2264, 2280, 2385, 2390, 2540, 2577, 2621, 2624, 2688, 2702, 2758, 2781, 2849, 2900, 2909, 3154, 3212, 3234, 3243, 3272, 3276, 3347, 3482, 3556, 3691, 3694, 3758, 3797, 3914, 4029, 4047, 4078, 4108, 4123, 4132, 4161, 4171, 4172, 4225, 4266, 4445, 4448, 4560]"
257,21,6,[],"[2298, 2303, 2459, 2542, 2546, 2740, 2779, 2784, 2810, 2854, 2874, 3000, 3057, 3058, 3063, 3185, 3260, 3331, 3337, 3413, 3416, 3526, 3565, 3569, 3692, 3760, 3828, 3834, 3845, 3861, 3893, 3899, 3961, 3986, 4005, 4037, 4041, 4351, 4405, 4458, 4537, 4542]"
258,28,28,"[672, 908, 959, 1119]","[61, 1119, 1520, 1522, 1595, 2793]"
278,41,41,"[2085, 2115, 2133, 2138, 2168, 2196, 2206, 2224, 2237, 2286, 2299, 2352, 2357, 2379, 2409, 2445, 2509, 2514, 2522, 2524, 2533, 2582, 2607, 2609, 2671, 2690, 2738, 2744, 2750, 2756, 2777, 2873, 2896, 2922, 2925, 2931, 2949, 2960, 3011, 3027, 3041, 3080, 3083, 3105, 3122, 3128, 3129, 3147, 3153, 3159, 3164, 3173, 3216, 3254, 3383, 3409, 3443, 3499, 3547, 3573, 3598, 3603, 3606, 3646, 3657, 3775, 3777, 3830, 3870, 3887, 3891, 3895, 3900, 3959, 3992, 4016, 4043, 4121, 4146, 4203, 4232, 4252, 4260, 4307, 4308, 4326, 4333, 4354, 4392, 4417, 4439, 4474, 4476, 4502, 4532, 4543]","[8, 145, 206, 511, 558, 588, 665, 727, 872, 1884, 1991, 2032, 2115, 2299, 2522, 2533, 2651, 2690, 2756, 3027, 3122, 3153, 3173, 3409, 3657, 3895, 3959, 4444]"
279,12,49,"[3842, 3879, 3882, 3894, 3919, 3936, 3997, 4009, 4023, 4029, 4045, 4104, 4106, 4108, 4112, 4129, 4132, 4144, 4149, 4161, 4177, 4199, 4217, 4225, 4229, 4235, 4264, 4276, 4300, 4343, 4360, 4376, 4385, 4445, 4470, 4477, 4478, 4497, 4498, 4512, 4514, 4540, 4558]","[2357, 2406, 2414, 2445, 2474, 2694, 2765, 2844, 2845, 2896, 2918, 2922, 3011, 3035, 3076, 3105, 3164, 3226, 3241, 3384, 3443, 3567, 3580, 3598, 3641, 3775, 3840, 3841, 3870, 3887, 3896, 3931, 3958, 4252, 4326, 4333, 4334, 4354, 4414, 4459, 4474, 4496]"
280,31,31,"[9, 10, 17, 211, 225, 237, 307, 400, 457, 563, 581, 606, 685, 746, 788, 814, 823, 927, 928, 955, 1041, 1098, 1157, 1220, 1241, 1244, 1250, 1277, 1448, 1563, 1615, 1640, 1665, 1901, 1973, 2045, 2058, 2069, 2092, 2094, 2124, 2250, 2252, 2292, 2314, 2348, 2371]","[2094, 2104, 2292, 2350, 2371, 2416, 2555, 2569, 2606, 2927, 2947, 3002, 3130, 3170, 3181, 3196, 3231, 3341, 3399, 3423, 3450, 3629, 3644, 3689, 3725, 3732, 3774, 3781, 3817, 3820, 3890, 3892, 4001, 4143, 4152, 4272, 4357, 4501, 4515, 4535, 4553]"
281,28,28,"[3016, 3087, 3190]","[261, 384, 1284, 2556, 2644, 3987, 4298, 4390]"
301,18,18,"[2586, 2614, 2634, 2701, 2763, 2791, 2926, 2951, 2952, 2982, 2997, 3163, 3176, 3278, 3333, 3503, 3596, 3654, 3658, 3756, 3980, 4053, 4070, 4094, 4117, 4176, 4243, 4282, 4291, 4349, 4491, 4508, 4556]","[68, 71, 102, 186, 336, 413, 422, 602, 637, 640, 705, 735, 737, 1282, 1527, 1543, 1576, 1613, 1616, 1652, 1746, 1858, 2036, 2194, 2634, 2747, 2763, 2926, 2951, 2982, 3104, 3163, 3176, 3278, 3303, 3536, 3646, 3683, 3783, 4032, 4117, 4124, 4388, 4543]"
302,12,11,"[2436, 2442, 2502, 2506, 2508, 2512, 2513, 2527, 2530, 2577, 2621, 2630, 2662, 2682, 2688, 2702, 2704, 2712, 2717, 2781, 2789, 2799, 2814, 2817, 2828, 2837, 2868, 2900, 2906, 2909, 2919, 2933, 2956, 2957, 2994, 3001, 3036, 3064, 3074]","[98, 129, 156, 284, 319, 322, 329, 524, 544, 585, 626, 646, 653, 725, 768, 775, 811, 854, 917, 932, 999, 1073, 1153, 1188, 1221, 1310, 1346, 1348, 1354, 1373, 1473, 1474, 1525, 1539, 1552, 1592, 1698, 1740, 1795, 1962, 1983, 2050]"
303,30,30,"[1872, 1903, 2031, 2071, 2120, 2136, 2149, 2170, 2178, 2283, 2285, 2345, 2366, 2441, 2498, 2592, 2601, 2625, 2689, 2706, 2729, 2735, 2962, 2996, 3028, 3030, 3059, 3139, 3205, 3289, 3425, 3478, 3495, 3501, 3529, 3615, 3639, 3661, 3669, 3787, 3821, 3825, 3873, 3886, 3945, 3998, 4052, 4057, 4162, 4173, 4302, 4303, 4356, 4369, 4406, 4408, 4435, 4440, 4482, 4484, 4565]","[2418, 2441, 2473, 2498, 2537, 2590, 2592, 2602, 2625, 2627, 2629, 2678, 2760, 2774, 2796, 2856, 2870, 2902, 2962, 2966, 3261, 3294, 3501, 3542, 3609, 3702, 3814, 3821, 3825, 3864, 3877, 3922, 3994, 3998, 4059, 4137, 4155, 4236, 4304, 4521, 4551, 4552, 4568]"
304,28,28,"[2528, 2556, 2587]","[959, 2528, 2587, 2705, 2710, 2812, 3977]"
324,38,38,"[3076, 3104, 3117, 3140, 3142, 3152, 3154, 3157, 3174, 3212, 3226, 3230, 3234, 3243, 3276, 3279, 3290, 3291, 3303, 3325, 3327, 3347, 3434, 3471, 3482, 3493, 3536, 3555, 3556, 3580, 3582, 3587, 3627, 3641, 3659, 3679, 3683, 3691, 3694, 3703, 3717, 3738, 3750, 3758, 3767, 3782, 3783, 3792, 3794, 3797, 3833, 3859, 3914, 3931, 3949, 4032, 4047, 4078, 4089, 4101, 4110, 4116, 4123, 4124, 4140, 4171, 4172, 4205, 4213, 4266, 4294, 4334, 4388, 4393, 4415, 4429, 4444, 4448, 4459, 4503, 4505, 4507, 4528, 4533, 4560]","[2197, 2261, 2270, 2305, 2404, 2438, 2486, 2544, 2641, 2670, 2693, 2734, 2833, 2869, 2924, 2989, 3004, 3008, 3140, 3142, 3230, 3279, 3290, 3291, 3325, 3434, 3659, 3717, 3738, 3750, 3767, 3794, 3949, 4140, 4205, 4213, 4415, 4429, 4503, 4505, 4507, 4533]"
325,12,5,"[768, 800, 822, 854, 864, 888, 905, 914, 932, 950, 961, 987, 995, 999, 1020, 1034, 1062, 1073, 1090, 1143, 1183, 1207, 1254, 1263, 1279, 1302, 1310, 1311, 1314, 1366, 1373, 1391, 1421, 1432, 1449, 1500, 1501, 1539, 1556, 1559, 1565, 1571, 1592, 1606, 1633]","[11, 23, 119, 158, 178, 259, 575, 1207, 1254, 1633, 1718, 2059, 2335, 2704, 2814, 2906, 2953, 2956, 2957, 3267, 3345, 3483, 3579, 3764, 3829, 3879, 4045, 4514]"
326,27,27,"[2680, 3175, 3210, 3393]","[714, 776, 806, 841, 843, 929, 967, 1018, 1042, 1057, 1185, 1305, 1383, 1609, 1725, 1797, 1821, 1854, 1872, 2178, 2225, 2283, 2382, 2405, 2458, 2706, 2861, 3028, 3039, 3059, 3139, 3200, 3255, 3289, 3669, 3787, 4052, 4064, 4073, 4303, 4369, 4435, 4482, 4484]"
347,38,11,"[1579, 1613, 1616, 1670, 1679, 1699, 1712, 1714, 1741, 1745, 1768, 1786, 1789, 1831, 1842, 1845, 1877, 1918, 1923, 1927, 1952, 1970, 1980, 1982, 1990, 1998, 2001, 2004, 2048, 2072, 2107, 2116, 2132, 2162, 2165, 2197, 2203, 2261, 2266, 2270, 2274, 2280, 2305, 2330, 2385, 2390, 2404, 2426, 2438, 2486, 2540, 2544, 2567, 2624, 2628, 2641, 2651, 2670, 2674, 2687, 2693, 2734, 2747, 2754, 2758, 2833, 2845, 2849, 2863, 2865, 2869, 2918, 2924, 2989, 3004, 3008, 3019, 3033, 3044]","[2078, 2145, 2216, 2228, 2320, 2436, 2472, 2502, 2508, 2527, 2618, 2630, 2633, 2645, 2662, 2742, 3073, 3244, 3270, 3299, 3385, 3496, 3541, 3553, 3668, 3698, 3720, 3846, 3919, 4038, 4104, 4144, 4149, 4276, 4288, 4312, 4395, 4481, 4497, 4540]"
348,22,35,"[52, 77, 82, 83, 153, 189, 202, 271, 319, 331, 379, 412, 453, 458, 466, 507, 557, 599, 621, 624, 655, 661, 670, 680, 726, 766, 771, 926, 931, 980, 1037, 1155, 1175, 1341, 1362, 1411, 1513, 1547, 1597, 1599, 1621, 1628, 1706, 1767, 1782, 1824, 1925, 2019, 2091, 2145, 2160, 2166, 2251, 2263, 2318, 2420, 2489, 2570, 2608, 2660, 2708, 2748, 2815, 2843, 2929, 2984, 3003, 3063, 3102, 3144, 3263, 3387, 3402, 3413, 3452, 3528, 3548, 3628, 3668, 3674, 3681, 3727, 3740, 3757, 3802, 3913, 3925, 3946, 3981, 3984, 4005, 4027, 4034, 4244, 4328, 4423, 4468, 4485, 4509, 4530, 4554]","[931, 1341, 1703, 1925, 2251, 2318, 2415, 2748, 2815, 2843, 2984, 3003, 3098, 3120, 3240, 3263, 3287, 3387, 3402, 3452, 3488, 3548, 3591, 3628, 3685, 3727, 3757, 3802, 3832, 3940, 3984, 4010, 4069, 4114, 4240, 4277, 4279, 4290, 4328, 4423, 4485, 4509, 4554]"
349,28,1,"[3952, 3977, 4278]","[223, 290, 297, 373, 386, 401, 678, 736, 863, 913, 1105, 1319, 1394, 1517, 1596, 1686, 1778, 2009, 2031, 2096, 2324, 2391, 2398, 2433, 2517, 2801, 2967, 3030, 3116, 3167, 3237, 3313, 3478, 3495, 3964, 4382]"
369,18,18,"[68, 192, 413, 422, 449, 527, 596, 620, 637, 654, 737, 896, 935, 958, 1086, 1131, 1380, 1386, 1527, 1560, 1648, 1652, 1746, 1756, 1793, 1833, 1858, 2036, 2054, 2123, 2194, 2249, 2315, 2388, 2427, 2453, 2456, 2504]","[192, 352, 449, 499, 552, 654, 958, 1065, 1086, 1131, 1240, 1380, 1384, 1697, 1756, 2082, 2249, 2388, 2427, 2453, 2456, 2504, 2586, 2614, 2671, 2777, 2791, 2952, 2997, 3129, 3333, 3503, 3573, 3596, 3603, 3654, 3658, 3756, 4094, 4243, 4349, 4556]"
370,38,22,"[8, 71, 107, 114, 130, 132, 151, 160, 164, 186, 230, 240, 248, 284, 288, 332, 336, 374, 450, 452, 506, 568, 602, 623, 638, 640, 644, 664, 681, 703, 705, 735, 797, 830, 833, 838, 875, 898, 924, 925, 952, 960, 965, 992, 1040, 1050, 1055, 1092, 1101, 1108, 1123, 1140, 1149, 1166, 1170, 1174, 1189, 1206, 1223, 1246, 1247, 1264, 1282, 1294, 1300, 1324, 1328, 1339, 1349, 1378, 1385, 1392, 1412, 1415, 1416, 1424, 1437, 1439, 1454, 1457, 1465, 1509, 1511, 1524, 1543, 1576]","[52, 66, 82, 90, 105, 153, 202, 271, 272, 426, 458, 539, 557, 579, 661, 726, 758, 810, 1059, 1110, 1184, 1288, 1336, 1351, 1377, 1547, 1625, 1735, 1737, 1776, 1809, 1829, 1835, 1846, 1882, 1978, 1981, 2019, 2164, 2173, 2179, 2263, 2374, 2408, 2413, 2420, 2422, 2430, 2462, 2463, 2468, 2489, 2492, 2564, 2570, 2778, 2855, 2891, 2929, 2969, 2970, 3102, 3107, 3144, 3229, 3253, 3317, 3506, 3528, 3585, 3666, 3674, 3681, 3755, 3858, 3925, 3946, 3981, 4027, 4034, 4154, 4399, 4483, 4530]"
371,25,52,"[7, 38, 39, 40, 74, 106, 116, 133, 167, 171, 187, 214, 228, 239, 241, 253, 298, 328, 370, 380, 408, 418, 434, 455, 484, 514, 522, 531, 549, 555, 619, 692, 696, 700, 704, 724, 728, 743, 760, 769, 781, 809, 837, 918, 976, 1013, 1051, 1078, 1082, 1095, 1173, 1204, 1248, 1270, 1287, 1308, 1329, 1364, 1443, 1446, 1472, 1487, 1515, 1519, 1535, 1561, 1578, 1634, 1655, 1667, 1694, 1708, 1716, 1720, 1742, 1766, 1865, 1868, 1881, 1905, 1920, 1922, 1930, 1984, 1988, 1997, 2027, 2076, 2100, 2102, 2125, 2141, 2169, 2180, 2181, 2195, 2210, 2233, 2258, 2303, 2378, 2384, 2392, 2403, 2415]","[380, 1446, 1634, 1694, 1708, 1720, 1742, 1881, 1905, 1922, 1974, 1997, 2195, 2210, 2258, 2378, 2384, 2595, 2700, 2727, 2836, 3018, 3097, 3218, 3232, 3396, 3407, 3491, 3498, 3557, 3564, 3631, 3867, 4013, 4028, 4115, 4283, 4358, 4431, 4437, 4493, 4539]"
372,28,28,"[2589, 2644, 2705]","[733, 1904, 2739, 2852, 3010, 4092, 4181]"
392,44,44,"[154, 653, 969, 1111, 1474, 1476, 1643, 1654, 1736, 1866, 2053]","[1509, 1524, 1560, 1648, 1793, 1833, 1845, 1866, 1990, 2054, 2123, 2165, 2266, 2315, 2426, 2674, 2687, 2701, 2754, 2863, 3019, 3109, 3110, 3117, 3157, 3471, 3493, 3627, 3679, 3703, 3980, 4053, 4070, 4101, 4176, 4282, 4291, 4491, 4508, 4528, 4529]"
393,10,10,"[2090, 2157, 2164, 2173, 2179, 2191, 2223, 2238, 2248, 2273, 2293, 2301, 2320, 2336, 2339, 2374, 2399, 2400, 2408, 2413, 2421, 2422, 2430, 2439, 2462, 2463, 2468, 2472, 2492, 2494, 2511, 2526, 2539, 2552, 2553, 2564, 2576, 2581, 2618, 2633, 2645, 2691, 2695, 2713, 2718, 2719, 2722, 2736, 2742, 2767, 2778, 2783, 2788, 2802, 2829, 2855, 2891, 2912, 2921, 2923, 2946, 2963, 2969, 2970, 2973, 2977, 2980, 2998, 3012, 3026, 3048, 3056, 3065, 3069, 3073, 3107, 3119, 3123, 3169, 3186, 3195, 3229, 3245, 3249, 3253, 3257, 3265, 3270, 3286, 3299, 3302, 3317, 3348, 3365, 3380, 3389, 3404, 3412, 3421, 3442, 3461, 3484, 3485, 3486, 3496, 3506, 3511, 3531, 3553, 3562, 3568, 3585, 3588, 3666, 3671, 3708, 3720, 3741, 3746, 3755, 3780, 3788, 3800, 3846, 3847, 3856, 3858, 3897, 3917, 3937, 3939, 3943, 3948, 3963, 3996, 4014, 4019, 4038, 4080, 4154, 4159, 4178, 4189, 4208, 4255, 4258, 4281, 4285, 4288, 4312, 4345, 4365, 4395, 4399, 4410, 4411, 4481, 4483, 4526, 4538]","[19, 26, 97, 118, 162, 282, 378, 415, 461, 473, 567, 576, 592, 693, 772, 801, 805, 871, 874, 879, 990, 1100, 1117, 1142, 1182, 1201, 1243, 1274, 1280, 1356, 1450, 1569, 1585, 1607, 1642, 1668, 1738, 1826, 1849, 1855, 2025, 2090, 2223, 2238, 2248, 2273, 2293, 2539, 2713, 2722, 2788, 2829, 2923, 2963, 2973, 2977, 3056, 3069, 3169, 3245, 3286, 3348, 3380, 3389, 3421, 3461, 3511, 3656, 3741, 3746, 3780, 3897, 3937, 3939, 3963, 3996, 4139, 4178, 4208, 4258, 4281, 4410, 4526, 4538]"
394,4,4,"[45, 101, 143, 176, 193, 219, 222, 242, 251, 294, 341, 360, 398, 428, 443, 475, 482, 612, 647, 650, 691, 712, 720, 881, 900, 915, 972, 1016, 1099, 1122, 1185, 1231, 1261, 1330, 1340, 1368, 1381, 1445, 1494, 1564, 1568, 1612, 1650, 1689, 1749, 1754, 1780, 1796, 1813, 1821, 1944, 1949, 1966, 1969, 2026, 2089, 2142, 2186, 2199, 2213, 2225, 2279, 2284, 2313, 2373, 2382, 2389, 2394, 2407, 2424, 2437, 2449, 2452, 2458, 2464, 2521, 2598, 2610, 2620, 2635, 2666, 2827, 2859, 2861, 2877, 2885, 3039, 3053, 3054, 3096, 3124, 3255, 3312, 3332, 3344, 3361, 3381, 3454, 3474, 3516, 3559, 3632, 3676, 3704, 3857, 3906, 3908, 3918, 3960, 3965, 4073, 4175, 4192, 4209, 4214, 4247, 4267, 4337, 4338, 4341, 4344, 4401, 4449, 4531, 4559]","[28, 38, 45, 251, 278, 311, 339, 351, 360, 398, 428, 442, 444, 475, 522, 556, 561, 572, 629, 650, 720, 774, 819, 828, 881, 889, 915, 918, 1013, 1024, 1099, 1179, 1193, 1231, 1330, 1443, 1467, 1494, 1593, 1780, 2027, 2076, 2102, 2125, 2180, 2214, 2279, 2362, 2389, 2407, 2424, 2497, 2560, 2562, 2610, 2620, 2761, 2835, 2877, 3096, 3193, 3312, 3316, 3424, 3559, 3652, 3655, 3672, 3704, 3729, 3744, 3808, 3816, 3907, 3908, 3965, 4063, 4098, 4100, 4120, 4226, 4341, 4462, 4469, 4473]"
395,28,28,"[2129, 2376, 2423]","[1757, 1822, 2411, 2741, 3700, 4040, 4086]"
415,45,45,"[472, 480, 2146, 3034, 3184, 3392, 4156]","[268, 358, 528, 547, 594, 659, 677, 778, 808, 812, 860, 989, 1007, 1064, 1111, 1144, 1164, 1167, 1257, 1269, 1296, 1451, 1483, 1562, 1626, 1643, 1654, 1702, 1736, 1739, 1853, 1889, 1890, 1941, 1967, 1989, 2053, 2056, 2061, 2191, 2282, 2336, 2451, 2466, 2511, 2515, 2658, 2691, 2757, 2767, 2802, 2894, 2912, 2915, 2946, 2980, 3009, 3026, 3048, 3055, 3078, 3094, 3119, 3195, 3208, 3213, 3302, 3365, 3484, 3531, 3800, 3927, 4007, 4014, 4019, 4039, 4080, 4179, 4189, 4255, 4261, 4270, 4284, 4311]"
416,47,47,"[121, 356, 436, 489, 497, 570, 573, 719, 786, 936, 937, 954, 1026, 1066, 1070, 1195, 1258, 1316, 1393, 1417, 1512, 1631, 1644, 1788, 1800, 1825, 1968, 1974, 2095, 2172, 2193, 2290, 2343, 2460]","[69, 283, 300, 430, 492, 590, 694, 719, 773, 789, 795, 868, 876, 895, 936, 954, 1010, 1026, 1066, 1068, 1074, 1229, 1267, 1285, 1316, 1471, 1478, 1491, 1508, 1534, 1558, 1635, 1644, 1656, 1825, 1834, 1878, 1914, 2033, 2047, 2062, 2193, 2421, 2439, 2501, 2518, 2552, 2576, 2581, 2584, 2719, 2736, 2783, 2998, 3123, 3160, 3186, 3201, 3282, 3404, 3408, 3442, 3458, 3485, 3486, 3562, 3568, 3578, 3688, 3708, 3803, 3917, 3943, 3948, 4054, 4061, 4079, 4090, 4145, 4169, 4285, 4365, 4411]"
417,16,19,"[65, 199, 201, 205, 256, 263, 290, 315, 402, 407, 425, 470, 486, 517, 595, 671, 678, 697, 718, 776, 791, 821, 831, 913, 929, 968, 983, 1018, 1023, 1057, 1291, 1304, 1320, 1326, 1327, 1370, 1382, 1410, 1463, 1468, 1502, 1601, 1609, 1725, 1743, 1778, 1911, 1959, 1986, 2009, 2011, 2051, 2055, 2096, 2189, 2239, 2300, 2306, 2321]","[191, 304, 482, 1016, 1128, 1447, 1460, 1488, 1796, 1940, 2142, 2151, 2213, 2323, 2449, 2603, 2666, 2729, 2879, 3054, 3381, 3474, 3507, 3546, 3563, 3612, 3632, 3676, 3706, 3743, 4057, 4162, 4173, 4295, 4302, 4356, 4406, 4408, 4440, 4531, 4559, 4565]"
438,36,36,"[2260, 2269, 2275, 2282, 2337, 2347, 2370, 2377, 2419, 2443, 2523, 2549, 2550, 2579, 2600, 2604, 2683, 2720, 2757, 2821, 2826, 2842, 2847, 2866, 2881, 2915, 2964, 3051, 3055, 3113, 3121, 3183, 3194, 3208, 3213, 3264, 3293, 3315, 3336, 3338, 3400, 3420, 3428, 3459, 3497, 3524, 3545, 3590, 3643, 3648, 3719, 3737, 3860, 3862, 3863, 3872, 3875, 3878, 3881, 3910, 3934, 3941, 3973, 4006, 4026, 4042, 4051, 4105, 4168, 4198, 4201, 4215, 4230, 4256, 4261, 4268, 4311, 4317, 4355, 4361, 4426, 4451, 4517, 4523]","[252, 344, 397, 417, 553, 792, 824, 901, 1043, 1080, 1186, 1205, 1313, 1342, 1554, 1704, 1753, 1985, 2018, 2113, 2156, 2176, 2219, 2275, 2337, 2523, 2550, 2600, 2821, 2842, 2964, 3293, 3420, 3545, 3973, 4051, 4105, 4215, 4230, 4361, 4517]"
439,47,25,"[2479, 2543, 2619, 2667, 2882, 2995, 3017, 3126, 3148, 3201, 3228, 3282, 3372, 3408, 3467, 3600, 3610, 3688, 3713, 3765, 3803, 3866, 4003, 4008, 4169, 4296, 4313, 4450, 4495, 4539]","[121, 167, 241, 356, 370, 418, 455, 489, 497, 549, 573, 619, 624, 696, 700, 743, 786, 809, 937, 1051, 1287, 1329, 1561, 1631, 1800, 1824, 1851, 1861, 1920, 1930, 1937, 1984, 2014, 2037, 2095, 2141, 2172, 2181, 2233, 2339, 2400, 2460, 2608, 2660, 2695, 2708, 2718, 2772, 2838, 2867, 2993, 2995, 3065, 3138, 3143, 3151, 3273, 3372, 3410, 3467, 3543, 3594, 3600, 3608, 3610, 3740, 3778, 3795, 3818, 3856, 3866, 3880, 3913, 4021, 4228, 4241, 4244, 4296, 4332, 4419, 4450, 4468, 4548]"
440,26,26,"[24, 37, 54, 61, 95, 113, 157, 183, 221, 223, 265, 281, 292, 349, 368, 406, 433, 463, 479, 607, 642, 690, 707, 709, 729, 733, 736, 782, 783, 787, 790, 794, 834, 844, 852, 863, 906, 951, 1052, 1214, 1233, 1252, 1272, 1359, 1372, 1394, 1442, 1459, 1522, 1532, 1603, 1688, 1752, 1757, 1764, 1772, 2012, 2127, 2229, 2253, 2271, 2328, 2425, 2487, 2538]","[37, 73, 93, 205, 221, 372, 406, 470, 485, 505, 601, 607, 748, 821, 831, 911, 968, 983, 1118, 1214, 1216, 1233, 1291, 1327, 1382, 1459, 1468, 1529, 1734, 1836, 1911, 2011, 2055, 2184, 2198, 2239, 2306, 2425, 2623, 2709, 2798, 2811, 2979, 4492]"
462,50,53,"[2905, 2954, 2955, 2959, 2968, 2974, 2986, 3032, 3037, 3049, 3068, 3084, 3101, 3145, 3158, 3219, 3227, 3281, 3318, 3324, 3356, 3374, 3415, 3422, 3449, 3481, 3515, 3534, 3544, 3572, 3586, 3630, 3707, 3730, 3734, 3772, 3776, 3796, 3844, 3889, 3944, 4004, 4018, 4020, 4055, 4099, 4102, 4130, 4136, 4158, 4223, 4245, 4250, 4275, 4301, 4319, 4324, 4335, 4368, 4373, 4387, 4391, 4400, 4402, 4407, 4432, 4441, 4447, 4452, 4486, 4490, 4494, 4555]","[1, 13, 110, 264, 330, 340, 365, 376, 377, 381, 437, 543, 566, 614, 656, 666, 687, 698, 710, 740, 832, 920, 944, 963, 1132, 1147, 1191, 1249, 1273, 1418, 1425, 1650, 1715, 1749, 1769, 1794, 1803, 1919, 1979, 2024, 2086, 2101, 2114, 2128, 2159, 2342, 2381, 2397, 2500, 2521, 2558, 2648, 2653, 2723, 2753, 2858, 2974, 3037, 3049, 3068, 3084, 3145, 3227, 3307, 3481, 3544, 3549, 3622, 3707, 3716, 3944, 4004, 4018, 4020, 4055, 4099, 4250, 4353, 4402, 4447, 4480, 4490, 4516]"
463,48,48,[],"[95, 183, 368, 463, 690, 783, 1272, 1603, 1688, 2538, 2593, 2816, 2857, 2907, 3275, 3358, 3512, 3920, 4049, 4366, 4424, 4549]"
484,17,32,"[18, 46, 262, 477, 525, 635, 845, 930, 1198, 1696, 1728, 1805, 1850, 1895, 2681, 2746, 3052, 3288, 3554, 3642, 3812, 3921, 4081, 4111, 4133, 4547]","[51, 150, 155, 314, 324, 419, 423, 441, 462, 472, 480, 501, 615, 633, 739, 799, 842, 867, 921, 939, 1032, 1048, 1049, 1067, 1076, 1169, 1236, 1260, 1369, 1462, 1546, 1669, 1682, 1692, 1774, 1830, 1958, 2043, 2146, 2220, 2301, 2346, 2377, 2446, 2549, 2553, 2579, 2876, 2886, 2888, 2941, 2958, 3034, 3121, 3134, 3150, 3183, 3184, 3265, 3315, 3338, 3392, 3428, 3429, 3524, 3588, 3643, 3715, 3722, 3788, 3863, 3872, 3875, 3910, 4006, 4147, 4156, 4159, 4168, 4268, 4317, 4345, 4355, 4426]"
485,53,15,"[33, 55, 60, 136, 215, 318, 327, 376, 427, 437, 467, 468, 488, 543, 583, 591, 610, 616, 666, 745, 752, 763, 892, 909, 910, 978, 997, 1217, 1249, 1335, 1360, 1395, 1409, 1466, 1566, 1588, 1611, 1647, 1660, 1664, 1676, 1693, 1709, 1717, 1733, 1751, 1839, 1863, 1915, 1995, 2114, 2119, 2137, 2152, 2154, 2200, 2212, 2240, 2242, 2277, 2288, 2295, 2319, 2360, 2380, 2431, 2450, 2469, 2500, 2653, 2673, 2686, 2721, 2728, 2730, 2743, 2745, 2785, 3067, 3075, 3106, 3127, 3187, 3209, 3268, 3307, 3369, 3401, 3418, 3447, 3469, 3533, 3538, 3593, 3620, 3649, 3735, 3773, 3883, 3885, 3928, 3968, 4011, 4048, 4074, 4082, 4164, 4183, 4212, 4216, 4242, 4292, 4315, 4353, 4421, 4428, 4446, 4480, 4516, 4566]","[29, 72, 152, 174, 249, 296, 414, 427, 500, 502, 617, 622, 688, 813, 835, 882, 892, 899, 956, 1011, 1045, 1094, 1138, 1146, 1178, 1289, 1309, 1388, 1408, 1438, 1588, 1646, 1647, 1659, 1676, 1763, 1773, 1816, 1863, 1916, 2038, 2111, 2119, 2259, 2360, 2363, 2364, 2432, 2661, 2743, 2787, 2800, 2841, 2878, 2930, 2955, 3006, 3187, 3202, 3219, 3268, 3271, 3418, 3490, 3515, 3520, 3527, 3533, 3550, 3586, 3604, 3928, 3978, 4011, 4128, 4130, 4212, 4242, 4248, 4310, 4319, 4324, 4352, 4407, 4467, 4486, 4546]"
486,28,28,"[1284, 1398, 1557, 1624]","[951, 2226, 2972, 3441, 3602, 3806, 4119]"
507,42,42,"[5, 50, 85, 125, 134, 135, 140, 184, 185, 198, 224, 232, 235, 335, 357, 385, 411, 545, 571, 608, 755, 759, 856, 957, 986, 1033, 1036, 1058, 1084, 1087, 1089, 1129, 1151, 1165, 1180, 1209, 1211, 1228, 1290, 1318, 1337, 1345, 1353, 1355, 1387, 1390, 1399, 1407, 1458, 1475, 1482, 1503, 1528, 1536, 1575, 1604, 1657, 1666, 1683, 1713, 1732, 1762, 1827, 1880, 1888, 1924, 1928, 1938, 1956, 1963, 1999, 2098, 2108, 2117, 2190, 2262, 2312, 2355, 2356, 2365, 2401, 2412, 2455, 2612, 2631, 2650, 2668, 2725, 2762, 2769, 2775, 2832, 2862, 2875, 2939, 2981, 2987, 3024, 3029, 3042, 3050, 3061, 3062, 3070, 3071, 3090, 3131, 3155, 3224, 3277, 3451, 3466, 3477, 3504, 3519, 3535, 3552, 3558, 3625, 3712, 3714, 3736, 3771, 3793, 3809, 3836, 3838, 3871, 3929, 4142, 4148, 4163, 4195, 4220, 4237, 4271, 4293, 4340, 4350, 4380, 4420, 4425, 4436, 4455, 4479]","[5, 46, 50, 134, 135, 184, 246, 306, 357, 385, 389, 411, 545, 571, 755, 856, 957, 1036, 1058, 1089, 1165, 1228, 1290, 1318, 1353, 1355, 1399, 1403, 1426, 1475, 1503, 1536, 1575, 1713, 1728, 1805, 1888, 1938, 1963, 1999, 2023, 2190, 2262, 2496, 2612, 2615, 2631, 2769, 2775, 2862, 2939, 2981, 2987, 3042, 3050, 3061, 3062, 3071, 3090, 3131, 3155, 3439, 3477, 3519, 3535, 3552, 3554, 3625, 3678, 3712, 3793, 3809, 3838, 3871, 3929, 4142, 4195, 4237, 4271, 4340, 4420, 4436, 4455, 4479]"
508,29,14,"[2545, 2561, 2597, 2623, 2638, 2698, 2709, 2798, 2811, 2851, 2893, 2901, 2920, 2934, 2992, 3020, 3021, 3161, 3214, 3284, 3292, 3301, 3353, 3359, 3363, 3375, 3377, 3430, 3437, 3446, 3464, 3479, 3505, 3510, 3513, 3523, 3525, 3577, 3581, 3583, 3589, 3616, 3623, 3651, 3663, 3684, 3696, 3699, 3724, 3754, 3789, 3826, 3888, 3962, 3972, 4022, 4058, 4087, 4091, 4118, 4125, 4160, 4174, 4185, 4194, 4206, 4238, 4327, 4348, 4513, 4518]","[60, 136, 468, 488, 591, 978, 1335, 1360, 1395, 1566, 1611, 1660, 1709, 1839, 1995, 2152, 2242, 2277, 2288, 2431, 2450, 2469, 2673, 2686, 2721, 3209, 3447, 3469, 3538, 3593, 3735, 3968, 4048, 4074, 4091, 4164, 4183, 4185, 4292, 4315, 4348, 4372, 4421, 4446]"
509,28,28,"[229, 261, 438, 447]","[438, 672, 1808, 2129, 2376, 3190, 3952]"
530,24,24,[],"[85, 125, 140, 170, 185, 195, 198, 335, 338, 354, 474, 747, 764, 850, 877, 883, 975, 979, 1061, 1071, 1084, 1087, 1113, 1133, 1151, 1180, 1200, 1234, 1331, 1333, 1444, 1458, 1548, 1549, 1666, 1683, 1691, 1732, 1762, 1812, 1827, 1880, 1894, 1928, 2029, 2207, 2208, 2267, 2310, 2372, 2412, 2455, 2617, 2650, 2668, 2813, 2825, 2830, 2832, 2965, 3024, 3141, 3191, 3224, 3296, 3306, 3451, 3466, 3619, 3714, 3749, 3771, 3836, 4095, 4134, 4153, 4163, 4350, 4371, 4394, 4425, 4463, 4464, 4466, 4471]"
531,26,26,"[2563, 2591, 2593, 2626, 2632, 2739, 2773, 2776, 2780, 2801, 2807, 2819, 2852, 2857, 2907, 2940, 2972, 2979, 3047, 3114, 3116, 3118, 3238, 3275, 3285, 3297, 3354, 3358, 3441, 3462, 3512, 3597, 3605, 3624, 3653, 3697, 3806, 3884, 3898, 3920, 3950, 3975, 3982, 4025, 4040, 4050, 4096, 4119, 4182, 4204, 4249, 4305, 4347, 4362, 4366, 4424, 4434, 4443, 4460, 4461, 4475, 4500, 4549, 4562]","[20, 276, 456, 495, 870, 1550, 1945, 2291, 2597, 2901, 3161, 3284, 3353, 3359, 3377, 3479, 3510, 3513, 3581, 3645, 3653, 3663, 3699, 3724, 3826, 3898, 3950, 3955, 4058, 4087, 4118, 4165, 4174, 4194, 4206, 4327, 4347, 4443, 4460, 4461, 4475]"
553,13,13,"[1779, 1867, 1908, 1932, 2057, 2105, 2161, 2185, 2208, 2344, 2461, 2471, 2613, 2737, 2752, 2770, 2825]","[182, 244, 308, 451, 529, 584, 1347, 1498, 1638, 1687, 1722, 2161, 2613, 3223, 3799, 4506]"
554,48,48,[],"[281, 782, 787, 852, 906, 1372, 1442, 2127, 2253, 2563, 2940, 3114, 3597, 3605, 4182, 4204, 4249, 4362, 4434, 4562]"
576,13,13,"[47, 57, 75, 76, 117, 182, 209, 451, 498, 521, 529, 538, 584, 634, 699, 807, 869]","[76, 521, 1121, 1932, 2770, 2916, 2999, 3335, 3395, 3406, 3508, 3848, 3953, 4002, 4246, 4253, 4364]"
1341,41,41,"[6, 36, 48, 63, 94, 102, 126, 142, 145, 194, 203, 206, 227, 289, 291, 337, 352, 363, 367, 431, 478, 499, 511, 526, 533, 552, 558, 569, 588, 652, 662, 665, 689, 727, 734, 741, 757, 817, 853, 872, 886, 962, 974, 993, 994, 1015, 1019, 1054, 1056, 1065, 1096, 1097, 1168, 1171, 1240, 1343, 1384, 1422, 1423, 1429, 1431, 1434, 1436, 1464, 1530, 1537, 1572, 1577, 1584, 1591, 1636, 1663, 1674, 1697, 1747, 1783, 1838, 1874, 1884, 1917, 1921, 1931, 1942, 1943, 1957, 1991, 1993, 2005, 2008, 2022, 2030, 2032, 2039, 2065, 2067, 2082, 2084]","[6, 194, 291, 526, 569, 1019, 1054, 1422, 1436, 1530, 1636, 1917, 1942, 1957, 2030, 2196, 2379, 2409, 2524, 2607, 2750, 2949, 3147, 3216, 3777, 3992, 4232, 4502]"
1364,44,44,"[2451, 2466, 2515, 2658, 2894, 3009, 3078, 3094, 3109, 3110, 3656, 3927, 4007, 4039, 4139, 4179, 4270, 4284, 4529]","[114, 132, 154, 240, 248, 288, 374, 527, 596, 620, 703, 896, 925, 935, 969, 1247, 1294, 1300, 1328, 1378, 1386, 1415, 1416, 1441, 1476, 1818, 1877, 1923, 2330, 2567, 2865, 3033, 3174, 3327, 3555, 3582, 3587, 3782, 3833, 3859, 4089, 4393]"
1386,7,7,"[2177, 2297, 2307, 2308, 2329, 2341, 2578, 2647, 2663, 2860, 2904, 3022, 3156, 3171, 3180, 3207, 3269, 3274, 3280, 3308, 3311, 3349, 3357, 3373, 3431, 3460, 3465, 3500, 3584, 3662, 3761, 3827, 3916, 4076, 4265, 4330, 4336, 4383, 4453, 4456, 4472, 4487, 4525, 4536, 4541, 4550]","[48, 56, 84, 94, 203, 227, 247, 337, 367, 478, 519, 533, 652, 662, 684, 689, 817, 994, 1000, 1015, 1056, 1168, 1171, 1343, 1423, 1434, 1551, 1572, 1632, 1663, 1674, 1783, 1838, 1843, 1876, 1921, 1931, 1943, 2022, 2039, 2067, 2084, 2133, 2135, 2168, 2177, 2308, 2329, 2341, 2509, 2514, 2578, 2609, 2860, 2960, 3041, 3080, 3128, 3156, 3159, 3254, 3308, 3349, 3431, 3499, 3500, 3547, 3606, 3900, 4016, 4043, 4121, 4146, 4260, 4308, 4392, 4417, 4456, 4476, 4487, 4525, 4536, 4541]"
1409,49,49,"[1781, 1936, 2003, 2017, 2188, 2235, 2241, 2278, 2296, 2406, 2414, 2474, 2694, 2765, 2844, 2914, 3035]","[36, 126, 142, 151, 431, 450, 471, 568, 741, 757, 886, 962, 974, 1003, 1006, 1097, 1101, 1108, 1230, 1281, 1431, 1456, 1464, 1465, 1504, 1577, 1591, 1747, 1781, 1786, 2008, 2017, 2065, 2085, 2138, 2188, 2206, 2224, 2241, 2286, 2296]"
1411,36,36,"[4, 25, 44, 51, 150, 169, 180, 250, 252, 344, 393, 397, 417, 423, 460, 501, 553, 574, 615, 659, 686, 695, 731, 762, 767, 792, 799, 824, 839, 840, 901, 921, 989, 1032, 1038, 1043, 1067, 1080, 1115, 1145, 1164, 1169, 1186, 1205, 1236, 1260, 1278, 1313, 1322, 1342, 1344, 1369, 1419, 1420, 1427, 1462, 1546, 1554, 1614, 1618, 1626, 1669, 1704, 1753, 1844, 1870, 1875, 1883, 1890, 1976, 1985, 1989, 2016, 2018, 2041, 2056, 2083, 2113, 2156, 2176, 2219, 2220, 2221, 2245]","[4, 25, 44, 250, 460, 574, 686, 695, 762, 767, 839, 840, 1038, 1115, 1419, 1427, 1614, 1870, 1875, 1883, 1976, 2041, 2083, 2221, 2347, 2419, 2443, 2604, 2683, 2720, 2847, 3113, 3336, 3400, 3459, 3590, 3719, 3737, 3862, 3878, 3881, 4026, 4201, 4256, 4523]"
1432,49,41,"[81, 168, 257, 310, 424, 471, 818, 1003, 1006, 1230, 1281, 1352, 1405, 1456, 1504]","[289, 853, 993, 1429, 1584, 1874, 1993, 2005, 2048, 2116, 2203, 2237, 2274, 2352, 2628, 2738, 2744, 2925, 2931, 3044, 3152, 3383, 3830, 3891, 4116, 4294, 4307, 4439]"
1433,20,20,"[0, 12, 155, 216, 217, 246, 269, 306, 313, 389, 419, 441, 487, 513, 516, 518, 532, 627, 636, 708, 773, 784, 847, 868, 876, 880, 939, 947, 977, 982, 1046, 1068, 1074, 1076, 1104, 1141, 1162, 1177, 1190, 1194, 1229, 1271, 1285, 1323, 1403, 1404, 1414, 1426, 1478, 1490, 1496, 1586, 1617, 1635, 1656, 1692, 1710, 1748, 1760, 1771, 1830, 1857, 1914, 2023, 2033, 2047, 2062, 2073, 2075, 2112, 2122, 2147, 2182, 2202, 2230, 2231, 2243, 2246, 2265, 2268, 2311, 2338, 2346, 2446, 2495, 2496, 2501, 2518, 2551, 2559, 2584, 2588, 2615, 2677, 2766, 2771, 2786, 2806, 2824, 2853, 2876, 2886, 2888, 2941, 2944, 2958, 2983, 2985, 3099, 3134, 3150, 3160, 3162, 3166, 3168, 3188, 3204, 3250, 3334, 3370, 3376, 3382, 3390, 3429, 3439, 3440, 3448, 3453, 3458, 3468, 3475, 3509, 3514, 3518, 3522, 3566, 3578, 3678, 3715, 3722, 3779, 3810, 3909, 3935, 3938, 3947, 3976, 3979, 4012, 4035, 4054, 4060, 4061, 4065, 4068, 4071, 4079, 4088, 4090, 4097, 4145, 4147, 4322, 4323, 4346, 4379, 4397, 4465]","[0, 12, 269, 313, 518, 532, 627, 683, 784, 847, 880, 953, 977, 982, 1046, 1126, 1162, 1177, 1190, 1271, 1293, 1404, 1414, 1496, 1586, 1620, 1748, 1771, 2073, 2075, 2112, 2122, 2147, 2157, 2182, 2202, 2246, 2265, 2268, 2311, 2399, 2494, 2495, 2526, 2559, 2588, 2771, 2786, 2806, 2824, 2921, 2983, 2985, 3012, 3166, 3188, 3249, 3250, 3257, 3334, 3370, 3376, 3412, 3440, 3468, 3509, 3522, 3671, 3779, 3810, 3847, 3909, 3938, 3947, 3976, 4012, 4035, 4060, 4065, 4068, 4071, 4097, 4323, 4465]"
1454,2,40,"[3933, 4184, 4211, 4280, 4413, 4422, 4430, 4510]","[32, 587, 643, 722, 938, 1072, 1299, 1960, 1996, 2297, 2307, 2823, 2975, 3112, 3171, 3373, 3476, 3571, 3680, 3693, 3824, 3916, 4000, 4219, 4287, 4550]"
1455,12,12,"[3103, 3197, 3203, 3244, 3272, 3305, 3314, 3321, 3350, 3351, 3371, 3378, 3385, 3394, 3414, 3444, 3483, 3541, 3574, 3592, 3599, 3613, 3626, 3664, 3687, 3698, 3747, 3748, 3764, 3766, 3769, 3770, 3804, 3829, 3835, 3839]","[64, 89, 123, 172, 287, 295, 346, 359, 371, 490, 509, 541, 660, 864, 888, 905, 914, 995, 1020, 1263, 1302, 1311, 1314, 1421, 1432, 1500, 1501, 1556, 1565, 1675, 1681, 1729, 2139, 2717, 3036, 3305, 3748, 3766, 3835, 3936, 4512]"
1456,10,17,"[19, 26, 66, 69, 90, 97, 98, 105, 118, 129, 156, 162, 268, 272, 282, 283, 300, 314, 324, 358, 378, 415, 426, 430, 461, 462, 473, 492, 524, 528, 539, 547, 567, 576, 579, 585, 590, 592, 594, 626, 633, 646, 677, 683, 693, 694, 725, 739, 758, 772, 775, 778, 789, 795, 801, 805, 808, 810, 811, 812, 842, 860, 867, 871, 874, 879, 895, 917, 953, 990, 1007, 1010, 1048, 1049, 1059, 1064, 1100, 1110, 1117, 1126, 1142, 1144, 1153, 1167, 1182, 1184, 1188, 1201, 1221, 1243, 1257, 1267, 1269, 1274, 1280, 1288, 1293, 1296, 1336, 1346, 1348, 1351, 1354, 1356, 1377, 1441, 1450, 1451, 1471, 1473, 1483, 1491, 1508, 1525, 1534, 1552, 1558, 1562, 1569, 1585, 1607, 1620, 1625, 1642, 1668, 1682, 1702, 1735, 1737, 1738, 1739, 1740, 1774, 1776, 1795, 1809, 1818, 1826, 1829, 1834, 1835, 1846, 1849, 1851, 1853, 1855, 1861, 1878, 1882, 1889, 1937, 1941, 1958, 1967, 1978, 1981, 2014, 2025, 2037, 2043, 2061]","[18, 169, 180, 216, 262, 393, 477, 487, 513, 525, 635, 708, 731, 845, 1104, 1141, 1145, 1194, 1198, 1278, 1322, 1344, 1420, 1490, 1617, 1618, 1696, 1710, 1760, 1844, 1850, 1857, 1895, 2016, 2230, 2231, 2243, 2245, 2260, 2269, 2338, 2370, 2551, 2677, 2681, 2746, 2826, 2853, 2866, 2881, 2944, 3051, 3052, 3099, 3162, 3168, 3194, 3204, 3264, 3288, 3382, 3390, 3453, 3475, 3497, 3518, 3566, 3642, 3648, 3860, 3921, 3934, 3935, 3941, 3979, 4042, 4081, 4088, 4198, 4346, 4379, 4397, 4451, 4547]"
1457,13,13,"[2840, 2846, 2916, 2999, 3081, 3115, 3225, 3310, 3335, 3346, 3395, 3406, 3508, 3723, 3799, 3801, 3822]","[47, 117, 869, 1009, 1396, 1526, 1589, 1711, 1908, 2105, 2185, 2737, 3723, 3822, 3995, 4167, 4378]"
1477,23,23,"[2294, 2375, 2988, 3680, 3693, 3823, 4219, 4287, 4370, 4418, 4522]","[146, 469, 793, 1093, 1297, 1306, 1533, 1651, 1678, 1721, 1765, 1790, 1792, 1819, 1859, 1950, 1953, 2171, 2481, 2566, 2707, 3022, 3460, 3761, 3819, 3827, 4031, 4383]"
1478,12,38,"[1649, 1675, 1677, 1681, 1698, 1729, 1759, 1811, 1832, 1841, 1862, 1893, 1933, 1947, 1948, 1962, 1972, 1975, 1983, 2042, 2046, 2050, 2068, 2074, 2078, 2088, 2103, 2130, 2139, 2150, 2201, 2216, 2227, 2228, 2247, 2264, 2302, 2322, 2327, 2335, 2354, 2358, 2361, 2383, 2386]","[160, 164, 230, 332, 452, 623, 638, 644, 797, 833, 875, 924, 952, 960, 965, 1050, 1123, 1140, 1149, 1166, 1206, 1223, 1324, 1339, 1349, 1385, 1412, 1424, 1454, 1579, 1679, 1712, 1768, 1789, 1831, 1918, 1952, 1970, 1982, 1998, 2001, 2004, 2107]"
1479,37,37,"[29, 137, 174, 244, 249, 316, 321, 338, 343, 414, 421, 500, 502, 535, 554, 622, 744, 835, 883, 897, 984, 1017, 1045, 1113, 1124, 1178, 1219, 1222, 1268, 1365, 1388, 1430, 1594, 1646, 1672, 1730, 1755, 1773, 1804, 2021, 2028, 2063, 2097, 2110, 2259, 2333, 2363, 2432, 2532, 2617, 2656, 2657, 2661, 2676, 2679, 2841, 2878, 2930, 3006, 3013, 3060, 3141, 3202, 3271, 3306, 3463, 3490, 3520, 3550, 3705, 3749, 3798, 3855, 4062, 4126, 4151, 4180, 4188, 4233, 4306, 4314, 4352, 4403, 4463, 4464, 4467, 4520, 4546]","[21, 27, 173, 224, 325, 326, 366, 405, 432, 448, 465, 548, 903, 941, 1025, 1044, 1209, 1238, 1325, 1337, 1375, 1397, 1482, 1499, 1544, 1555, 1583, 1602, 1604, 1657, 1673, 1685, 1744, 1784, 1810, 1900, 1935, 1954, 2066, 2070, 2098, 2211, 2232, 2281, 2349, 2396, 2401, 2448, 2478, 2490, 2510, 2520, 2599, 2611, 2639, 2664, 2711, 2749, 2762, 2875, 2959, 2968, 3101, 3277, 3318, 3356, 3422, 3449, 3534, 3572, 3730, 3772, 3796, 3844, 3889, 4102, 4136, 4245, 4275, 4293, 4335, 4391, 4441, 4452, 4555]"
1480,13,13,"[975, 1009, 1071, 1121, 1234, 1347, 1361, 1396, 1498, 1526, 1589, 1622, 1638, 1671, 1687, 1711, 1722]","[209, 538, 1622, 1671, 1779, 2057, 2344, 2395, 2461, 2752, 2794, 3115, 3310, 3346, 3904, 4224]"
1500,39,39,"[2387, 2454, 2481, 2493, 2499, 2503, 2536, 2566, 2575, 2646, 2665, 2669, 2672, 2707, 2792, 2823, 2871, 2883, 2975, 3014, 3095, 3112, 3198, 3222, 3248, 3251, 3300, 3355, 3391, 3397, 3419, 3433, 3455, 3473, 3476, 3494, 3571, 3575, 3618, 3640, 3686, 3718, 3745, 3785, 3813, 3819, 3824, 3843, 3874, 3966, 3991, 3999, 4000, 4031, 4131, 4190, 4227, 4321, 4359, 4386, 4489, 4519, 4567]","[16, 34, 96, 122, 255, 257, 309, 310, 403, 420, 491, 582, 738, 754, 798, 818, 904, 998, 1298, 1352, 1405, 1449, 1495, 1507, 1606, 1630, 1879, 1936, 2003, 2121, 2227, 2235, 2278, 2491, 2499, 2536, 2935, 3088, 3095, 3351, 3570, 3575]"
1502,50,52,"[1510, 1540, 1544, 1555, 1583, 1602, 1659, 1673, 1685, 1701, 1715, 1744, 1769, 1784, 1794, 1799, 1803, 1807, 1810, 1816, 1897, 1900, 1916, 1919, 1935, 1954, 1979, 1994, 2024, 2049, 2066, 2070, 2077, 2086, 2101, 2111, 2128, 2211, 2232, 2281, 2342, 2349, 2351, 2381, 2396, 2397, 2434, 2448, 2478, 2490, 2510, 2520, 2554, 2558, 2571, 2599, 2611, 2637, 2639, 2648, 2664, 2692, 2711, 2723, 2749, 2753, 2759, 2787, 2800, 2834, 2858, 2872, 2897]","[7, 39, 40, 106, 133, 187, 228, 253, 328, 408, 436, 514, 516, 555, 570, 692, 704, 769, 781, 1204, 1258, 1270, 1323, 1393, 1472, 1487, 1512, 1535, 1788, 2343, 2479, 2543, 2619, 2667, 3017, 3148, 3228, 3448, 3765, 4003, 4008, 4313, 4495]"
1503,13,13,"[3848, 3904, 3924, 3953, 3995, 4002, 4167, 4196, 4224, 4246, 4253, 4299, 4364, 4371, 4378, 4506]","[57, 75, 498, 634, 699, 807, 1361, 1867, 2471, 2840, 2846, 3081, 3225, 3801, 3924, 4196, 4299]"
1523,39,5,"[87, 139, 149, 165, 382, 542, 582, 593, 628, 630, 651, 676, 722, 730, 866, 904, 907, 912, 973, 1021, 1053, 1093, 1137, 1148, 1199, 1224, 1242, 1286, 1312, 1357, 1358, 1401, 1435, 1461, 1481, 1495, 1497, 1506, 1521, 1545, 1567, 1605, 1630, 1645, 1705, 1761, 1770, 1790, 1819, 1856, 1859, 1879, 1987, 2000, 2015, 2040, 2052, 2118, 2209, 2222, 2272, 2289, 2304]","[112, 120, 127, 454, 667, 796, 961, 1030, 1391, 1852, 2155, 2622, 2908, 2933, 2990, 3203, 3321, 3489, 3599, 3665, 3849, 4009, 4046, 4199, 4217, 4343, 4478, 4504]"
1525,50,50,"[13, 21, 27, 72, 79, 110, 152, 173, 179, 197, 233, 243, 264, 296, 325, 326, 330, 340, 342, 365, 366, 377, 381, 405, 429, 432, 448, 465, 476, 481, 530, 548, 566, 609, 614, 617, 656, 687, 698, 710, 711, 717, 740, 756, 813, 832, 857, 882, 903, 920, 922, 941, 944, 945, 949, 956, 963, 964, 988, 1011, 1025, 1044, 1094, 1146, 1147, 1191, 1238, 1273, 1325, 1375, 1376, 1397, 1438, 1499]","[79, 171, 197, 217, 233, 235, 243, 342, 481, 530, 609, 636, 711, 717, 756, 804, 857, 922, 930, 945, 947, 949, 964, 988, 1070, 1082, 1195, 1376, 1417, 1510, 1540, 1799, 1807, 1968, 1994, 2049, 2077, 2290, 2312, 2351, 2417, 2434, 2554, 2637, 2692, 2759, 2766, 2804, 2834, 2872, 2882, 2897, 2905, 2942, 2954, 2986, 3032, 3126, 3158, 3281, 3324, 3415, 3504, 3514, 3558, 3630, 3713, 3734, 3736, 3776, 3812, 3850, 4111, 4133, 4158, 4223, 4274, 4301, 4322, 4368, 4373, 4387, 4400, 4432, 4494]"
1546,5,23,"[2, 42, 58, 78, 96, 99, 122, 127, 128, 131, 138, 147, 158, 181, 207, 220, 255, 259, 279, 293, 309, 320, 353, 361, 369, 383, 394, 395, 403, 420, 439, 454, 491, 504, 523, 534, 540, 546, 564, 597, 604, 605, 618, 631, 632, 648, 667, 682, 715, 742, 750, 761, 796, 798, 858, 942, 946, 998, 1005, 1030, 1031, 1060, 1069, 1075, 1079, 1083, 1085, 1088, 1130, 1176, 1187, 1196, 1213, 1225, 1227, 1265, 1266, 1276, 1298, 1334, 1371, 1400, 1452, 1480, 1485, 1492, 1493, 1507, 1538, 1570, 1574, 1587, 1629, 1662, 1690, 1718, 1731, 1777, 1787, 1814, 1817, 1820, 1840, 1852, 1892, 1913, 1946, 2010, 2059, 2093, 2109, 2126, 2140, 2155, 2187, 2204, 2234, 2257, 2325, 2331, 2340, 2353, 2368, 2428, 2440, 2484]","[236, 363, 734, 859, 1096, 1210, 1303, 1413, 1481, 1537, 1775, 2106, 2209, 2387, 2454, 2988, 3180, 3207, 3269, 3280, 3357, 3966, 4330, 4336, 4453, 4472, 4532]"
1547,25,46,"[2477, 2547, 2548, 2557, 2595, 2696, 2700, 2727, 2772, 2795, 2836, 2838, 2867, 2942, 2961, 2993, 3018, 3023, 3077, 3097, 3098, 3120, 3135, 3136, 3138, 3143, 3151, 3185, 3193, 3218, 3232, 3233, 3240, 3260, 3266, 3273, 3287, 3322, 3339, 3342, 3396, 3407, 3410, 3488, 3491, 3498, 3543, 3557, 3564, 3594, 3608, 3631, 3635, 3636, 3652, 3655, 3672, 3685, 3695, 3721, 3778, 3795, 3816, 3818, 3832, 3850, 3852, 3865, 3867, 3880, 3907, 3940, 3993, 4010, 4013, 4021, 4028, 4069, 4114, 4115, 4127, 4135, 4187, 4191, 4222, 4228, 4240, 4241, 4277, 4279, 4283, 4290, 4332, 4358, 4389, 4419, 4431, 4437, 4493, 4499, 4548]","[161, 218, 301, 350, 383, 464, 537, 589, 701, 902, 950, 1152, 1366, 1553, 1600, 1637, 1677, 1719, 1791, 2074, 2143, 2247, 2255, 2361, 2828, 2943, 3001, 3038, 3472, 3613, 3634, 3747, 3769, 3842, 3869, 3942, 3956, 4083, 4269, 4488, 4544, 4561]"
1548,0,0,"[49, 148, 170, 195, 308, 354, 459, 474, 658, 688, 747, 764, 850, 877, 899, 979, 996, 1028, 1061, 1133, 1138, 1200, 1289, 1309, 1331, 1333, 1408, 1444, 1548, 1549, 1691, 1763, 1812, 1894, 2007, 2029, 2038, 2207, 2267, 2310, 2364, 2372, 2395, 2447, 2724, 2794, 2813, 2830, 2936, 2965, 3191, 3223, 3252, 3296, 3386, 3527, 3604, 3619, 3978, 4095, 4128, 4134, 4153, 4248, 4310, 4394, 4466, 4471]","[49, 137, 179, 232, 316, 321, 343, 421, 429, 459, 476, 535, 554, 608, 658, 744, 759, 897, 984, 986, 996, 1017, 1033, 1124, 1129, 1211, 1219, 1222, 1268, 1345, 1365, 1387, 1390, 1407, 1430, 1528, 1594, 1672, 1730, 1755, 1804, 1897, 1924, 1956, 2028, 2063, 2097, 2108, 2110, 2117, 2333, 2355, 2356, 2365, 2447, 2532, 2571, 2656, 2657, 2676, 2679, 2725, 2936, 3013, 3029, 3060, 3070, 3252, 3374, 3463, 3705, 3798, 3855, 4062, 4126, 4148, 4151, 4180, 4188, 4220, 4233, 4306, 4314, 4380, 4403, 4520]"
1568,2,2,"[1208, 1283, 1292, 1486, 1514, 1847, 1939, 2183]","[245, 919, 1008, 1120, 1154, 1203, 1208, 1275, 1292, 1486, 2144, 2158, 2174, 2183, 2294, 2375, 3403, 3637, 3690, 3807, 3815, 3912, 4015, 4184, 4193, 4370, 4413, 4430, 4510]"
1569,46,12,"[35, 218, 301, 350, 409, 551, 674, 836, 902, 1152, 1245, 1259, 1332, 1553, 1600, 1637, 1703, 1719, 1726, 1791, 2143, 2163, 2255, 2256, 2287, 2334, 2444, 2483, 2740, 2890, 2943, 3038, 3192, 3331, 3337, 3472, 3565, 3569, 3611, 3617, 3634, 3728, 3742, 3760, 3869, 3942, 3954, 3956, 4037, 4041, 4083, 4239, 4269, 4351, 4381, 4458, 4488, 4544, 4561]","[1759, 1811, 1832, 1862, 1947, 1975, 2088, 2103, 2130, 2201, 2302, 2322, 2327, 2354, 2358, 2383, 2386, 2442, 2530, 2682, 2712, 2837, 3064, 3197, 3314, 3378, 3394, 3414, 3444, 3574, 3664, 3770, 3882, 3997, 4106, 4112, 4229, 4235, 4264, 4300, 4360, 4376, 4385, 4470, 4477]"
1570,34,35,"[1, 274, 312, 345, 399, 416, 445, 512, 586, 723, 804, 826, 828, 933, 1012, 1132, 1163, 1235, 1255, 1321, 1418, 1425, 1658, 1828, 1898, 1912, 1929, 2134, 2159, 2215]","[77, 83, 116, 189, 331, 379, 412, 434, 453, 466, 507, 599, 655, 670, 680, 724, 728, 766, 771, 980, 1037, 1078, 1155, 1175, 1362, 1411, 1513, 1515, 1578, 1597, 1599, 1621, 1628, 1706, 1767, 1782, 1868, 2091, 2100, 2160, 2166]"
1571,15,29,[],"[108, 163, 303, 327, 375, 440, 536, 598, 610, 745, 820, 909, 997, 1106, 1135, 1664, 2021, 2137, 2212, 2218, 2319, 2380, 2724, 2728, 2992, 3363, 3369, 3446, 3505, 3525, 3589, 3649, 3651, 3696, 3754, 3773, 4082, 4125, 4160, 4216, 4238, 4513, 4518]"
