loss,gateway_coverage,cell_coverage,sat_demand
82.5036392211914,0.8518518518518519,0.15889691398555483,"[-4.47487235e-01  1.35532701e+00 -4.91338670e-01 -3.42565477e-01
  1.55679893e+00  7.71308422e-01  1.14238143e-01 -5.04099429e-02
  1.07209504e+00  3.58235002e-01 -1.71748662e+00 -2.51126260e-01
  2.72020936e-01 -2.64239311e-01  5.89887977e-01 -2.47060919e+00
  5.39754391e-01 -7.95085967e-01 -7.69457072e-02 -1.84010014e-01
 -1.42747223e+00 -2.06280231e-01  1.08699799e-02 -4.32476103e-01
 -1.30650282e-01 -2.62068540e-01 -3.83633375e-02  8.29990327e-01
  3.46553802e-01  6.06160045e-01 -1.44363344e-01  4.26427126e-02
 -6.27749681e-01  5.82371056e-02 -1.31136155e+00  4.38348681e-01
 -4.56243247e-01 -1.27063155e+00 -6.73376769e-02 -7.98323750e-01
 -1.54844105e-01  7.19820499e-01 -1.34623706e-01 -2.91292459e-01
 -9.09716785e-02 -1.39845848e+00  4.47147608e-01  2.14109659e-01
  1.28544545e+00 -9.13613796e-01 -1.54861748e-01 -3.18341851e-01
 -1.37374401e-01  4.27055061e-01  2.84929276e-01 -1.12649895e-01
  1.49541366e+00  0.00000000e+00 -2.61701107e-01  9.24944878e-04
 -1.29307580e+00 -9.03141677e-01 -1.48494273e-01  4.89637792e-01
  4.74609494e-01  8.45325112e-01  8.83827090e-01 -2.45708823e-01
  7.40250051e-02 -3.16526353e-01 -9.12379622e-02 -1.96603060e-01
 -5.62153041e-01 -1.68622732e-01 -3.83048743e-01 -1.91272318e-01
 -1.56290710e-01 -2.46136725e-01  0.00000000e+00  1.83680058e-02
 -4.98421192e-02  8.20501208e-01  7.64727592e-04 -4.59469318e-01
 -1.63983524e-01 -2.61851668e-01  0.00000000e+00 -7.11142182e-01
 -1.83172524e-01  3.20320666e-01 -1.47092819e-01 -1.16705865e-01
 -1.29148304e-01 -1.40328741e+00 -9.60496485e-01  9.96996164e-02
 -2.73721009e-01  1.08485222e-02 -1.80219233e-01 -1.75917447e-01
 -9.75564420e-02 -1.32049406e+00 -1.67824954e-01 -2.75237739e-01
  3.53132010e-01 -1.80974722e-01  1.14088356e-02 -1.79241240e-01
 -1.96051478e-01 -4.81043279e-01  2.46270001e-01 -2.69465327e-01
  6.67132199e-01 -6.79050207e-01 -9.50052142e-02 -2.60722816e-01]"
81.92245483398438,0.9074074074074074,0.1799080761654629,"[-8.1583416e-01  1.1115998e+00 -3.2257298e-01 -3.9017814e-01
  1.4069010e+00  4.3001455e-01  2.9110992e-01 -4.7952110e-01
  7.7967966e-01  2.5439143e-01 -2.1823287e+00 -2.4844715e-01
  4.7453162e-01 -3.7600607e-01  4.6444583e-01 -6.7247862e-01
  3.6420083e-01 -1.1433818e+00 -1.1046976e-04 -2.2248390e-01
 -1.7337865e+00 -1.7339838e-01  9.9810362e-03 -7.4501067e-01
 -2.4691868e-01 -1.7786419e-01 -1.2691927e-01  7.2482711e-01
  8.6197674e-01  2.4502021e-01 -2.7730882e-02 -4.5694172e-02
 -9.3678021e-01  2.0732117e-01 -1.4195814e+00 -3.7591732e-01
 -5.7070315e-01 -1.0064240e+00 -2.8588027e-02 -8.4025502e-01
 -7.1243608e-01  5.3775144e-01 -1.9627619e-01 -1.8948306e-01
  1.5388697e-01 -7.2750878e-01  4.9063176e-01  1.4139986e-01
  2.7309918e-01 -1.1709584e+00  4.8601329e-02 -5.8845603e-01
 -4.6695411e-02  2.8762800e-01  9.1086030e-02 -3.3361703e-02
  1.4217157e+00  0.0000000e+00 -2.6499540e-01  3.0120254e-02
 -4.9141330e-01 -6.7258251e-01  9.1764942e-02  6.1221886e-01
  8.3769894e-01  8.4750718e-01  8.2783198e-01 -3.7246132e-01
  3.3411983e-01  9.0691030e-02  3.6307782e-02 -1.7544699e-01
 -4.1313207e-01 -2.2417092e-01 -6.8537807e-01 -3.2905772e-02
 -1.9801998e-01 -2.9799876e-01  0.0000000e+00  2.3220503e-01
 -8.3935559e-03  5.3628576e-01  2.2274840e-01 -4.5121375e-01
 -2.2921664e-01 -1.6895817e-01  0.0000000e+00 -7.5411868e-01
 -1.1415756e-01  1.7872649e-01 -2.2220612e-01  5.0180197e-02
 -5.4879636e-02 -1.1476182e+00 -8.0016422e-01  3.8247705e-01
 -2.2265562e-01  2.1372390e-01 -2.9983842e-01 -2.5688696e-01
 -3.7276903e-01 -1.5405949e+00 -1.7342579e-01  6.5380907e-01
  4.5069683e-01 -2.4876630e-01  1.1810726e-01 -2.6137930e-01
 -2.7917671e-01 -5.6918371e-01 -2.4486601e-02 -3.5273039e-01
 -1.8551245e-01 -3.3780944e-01 -1.0524076e-01 -6.5283978e-01]"
82.0397720336914,0.9444444444444444,0.1836288028014883,"[-1.2042828   0.4433092  -0.13737246 -0.40873128  1.2698203   0.40044773
  0.47522402 -0.9137285   0.6048254   0.18396199 -2.3719046  -0.2005609
  0.6270385  -0.41459715  0.22081846  0.28197426  0.27404928 -1.0895667
  0.09708366  0.06879556 -1.8413557  -0.15538311  0.05248022 -1.004944
 -0.33967006 -0.07911928 -0.17481351  0.61442214  1.1418436  -0.3804537
  0.04133153 -0.10581249 -0.78596115  0.28360814 -1.2647698  -0.9907451
 -0.65157115 -0.39869148  0.01962268 -0.9252673  -1.0961406   0.44418857
 -0.15755802 -0.07345605  0.3833712  -0.06607419  0.4908737   0.10716987
 -0.57567686 -1.5449834   0.23412275 -0.7104305   0.04356223  0.37026983
  0.01023948  0.05806626  1.1105253   0.         -0.27708578  0.29204547
  0.31775266 -0.41980475  0.30446386  0.6449504   1.0468087   0.83332527
  0.67942667 -0.20066446  0.57884157  0.5440043   0.11312556  0.15714681
 -0.16668111 -0.26608884 -0.791765    0.10980837  0.12557876 -0.3164136
  0.          0.39812255  0.11085497  0.08934277  0.39653552 -0.24607122
 -0.18015867 -0.05916701  0.         -0.74907804  0.21273655  0.05911064
 -0.27338475  0.21387863  0.24617642 -0.53669226 -0.4622649   0.6238511
 -0.19455442  0.34114885 -0.3490186  -0.17587245 -0.50335014 -1.2215683
 -0.18793705  0.946041    0.74366367 -0.14398384  0.22011897 -0.178913
 -0.19840789 -0.66150963 -0.19651973 -0.432423   -0.35361448 -0.07163493
 -0.13540632 -1.1738588 ]"
81.91868591308594,0.9814814814814815,0.17947034362004816,"[-1.207814    0.13458633 -0.15214562 -0.31884247  0.6877305   0.524107
  0.45544493 -0.75084436  0.8798559   0.43834305 -1.4740348   0.02470645
  0.5430764  -0.34445173 -0.3048143   0.14254057  0.74787974 -0.5940553
  0.13672772  0.2612057  -1.8798871   0.07025671  0.0693202  -0.9843303
 -0.27739722 -0.07706867 -0.17458451  0.605285    1.1300393  -0.7230338
 -0.02694505 -0.03832608  0.35957825  0.12560129 -0.9025957  -0.891013
 -0.5557989   0.21885264  0.05349392 -0.98447    -0.692458    0.5101581
 -0.3365296  -0.06691095  0.3679673   0.18794498  0.54508936  0.16131043
 -0.59653455 -1.8077879   0.17171407 -0.43230838  0.08783031  0.4909293
  0.5332472   0.07015833  0.83755815  0.         -0.20622063  0.5196381
  0.6552268  -0.38487616  0.22810668  0.4880039   0.9564321   0.7861606
  0.3510294   0.10241753  0.5702027   0.5717019   0.0404245   0.39472586
 -0.08073413 -0.24707407 -0.68321395  0.0578108   0.3395139  -0.28569716
  0.          0.299487    0.20437488 -0.2369721   0.32409376 -0.12056816
 -0.3396818  -0.04407749  0.         -0.36136878  0.6177126   0.01484045
 -0.2111606   0.36592174  0.605351    0.07813597 -0.4262619   0.5738595
 -0.17904961  0.2618662  -0.49897948 -0.32055134  0.11408013 -0.28018087
 -0.20506033  0.671273    0.9001893  -0.274711    0.1995449  -0.3222018
 -0.32861722 -0.68063045  0.08537877 -0.47909194 -0.28470564 -0.09218249
 -0.1502828  -1.2544119 ]"
81.92420959472656,0.9629629629629629,0.16458743707594659,"[-9.27414179e-01  4.65766311e-01 -4.01428461e-01 -1.83440477e-01
  2.57587612e-01  6.58576787e-01  2.72353053e-01 -3.35740685e-01
  1.00821579e+00  4.90801632e-01 -8.18039179e-01  1.96887821e-01
  2.92303860e-01 -2.15684325e-01 -4.81303811e-01 -4.63764161e-01
  9.36849117e-01 -1.00799739e-01  1.12802565e-01  1.70214474e-01
 -1.61901963e+00  2.86301255e-01  1.02277756e-01 -6.38819575e-01
 -1.34981632e-01 -1.67538270e-01 -1.13443851e-01  6.91016257e-01
  7.01112688e-01 -6.59425080e-01 -1.79325342e-01  8.84498060e-02
  9.53644633e-01 -2.23971307e-01 -5.49026012e-01 -3.11581492e-01
 -3.72277379e-01  2.68880486e-01  5.83211035e-02 -9.55470979e-01
 -2.78568715e-02  4.01341498e-01 -3.93328667e-01 -1.64073527e-01
  1.29578054e-01  9.08815861e-03  5.33051610e-01  2.27453232e-01
 -4.35986519e-02 -1.72417605e+00 -1.44215286e-01 -2.92678893e-01
  2.88997889e-02  6.50961459e-01  8.06021214e-01  9.29526985e-03
  7.41882682e-01  0.00000000e+00 -2.19289482e-01  2.54150033e-01
  3.26414406e-01 -7.08412826e-01 -1.34021983e-01  3.55878919e-01
  3.28522205e-01  6.71822011e-01  2.21074104e-01  2.93523818e-01
  3.26114357e-01  2.52243519e-01 -1.32415175e-01  9.83595848e-02
 -2.38844633e-01 -1.72929406e-01 -1.05003655e-01 -2.05863804e-01
  3.34913135e-01 -2.23178446e-01  0.00000000e+00 -5.79530001e-02
  1.82333350e-01 -2.30662555e-01  2.17622519e-03 -1.66493863e-01
 -3.70196521e-01 -1.27506435e-01  0.00000000e+00 -2.22521186e-01
  6.70992255e-01  2.74726748e-02 -8.96701813e-02  3.61269027e-01
  6.64391875e-01  1.26664281e-01 -7.78267622e-01  3.39844048e-01
 -1.63100570e-01  9.64319706e-03 -4.87396717e-01 -3.34441543e-01
  3.44581902e-01  1.57380283e-01 -2.17216372e-01  1.42878592e-01
  6.86449766e-01 -2.85168946e-01  7.98031092e-02 -3.36641550e-01
 -3.42468202e-01 -5.98691106e-01  2.30737448e-01 -5.68160653e-01
 -1.37275457e-03 -5.11259198e-01 -1.41911507e-01 -9.85835969e-01]"
81.72928619384766,0.9444444444444444,0.17968920989275552,"[-0.5332725   1.1566567  -0.61035144 -0.08769986  0.38658422  0.7051451
  0.15878594  0.00188679  0.67166924  0.01918268 -1.0383434   0.08029324
  0.06250674 -0.08624834  0.12069853 -0.9580955   0.21027875 -0.06979549
  0.07798757  0.27085954 -1.1879845   0.6472474   0.03812957  0.05666384
 -0.02044719 -0.24461555 -0.05224001  0.7396255   0.28002423 -0.3705696
 -0.31105822  0.1882633   0.50667644 -0.5319087  -0.46148217  0.18415415
 -0.18569691 -0.01182657  0.0572567  -0.9319483   0.0891149   0.14895678
 -0.3004399  -0.24764857 -0.09887135 -0.12419197  0.27998608  0.22481298
  0.43321604 -1.4580566  -0.43854535 -0.5865568  -0.0157876   0.58730716
  0.60186386 -0.04377206  0.759485    0.         -0.42439377 -0.17686522
  0.06129822 -0.9524616  -0.45541865  0.5284232  -0.25816286  0.60683346
  0.55658805  0.37736678  0.01527408 -0.10706288 -0.2922551  -0.2951399
 -0.3139819  -0.13456878  0.84791    -0.4451979   0.45203245 -0.14564073
  0.         -0.38674235  0.1395763   0.02064052 -0.28807253 -0.17857832
 -0.27489567 -0.1999373   0.         -0.7780993   0.46098924  0.09567583
  0.0335989   0.25743988  0.49601978 -0.160676   -1.069957    0.04104847
 -0.16773802 -0.21880227 -0.30462742 -0.19083387 -0.611165   -0.08576602
 -0.2215339  -0.25692636  0.63083994 -0.13236034 -0.02981445 -0.1922859
 -0.2146008  -0.5036013  -0.04589486 -0.6551552   0.40260696 -0.87242496
 -0.16471827 -0.68089056]"
81.79279327392578,0.9629629629629629,0.1818778726198293,"[-0.39871502  1.4183341  -0.6577282  -0.02045798  0.20890135  0.4794749
  0.09771836  0.1706745   0.18722272 -0.44206047 -1.2952831  -0.01945287
 -0.06072062  0.04934561  0.48163787 -1.0830865  -0.39934826 -0.31485033
  0.05557813  0.24929118 -0.8440813   0.73184144 -0.02475917  0.39027518
  0.05134434 -0.27804172 -0.05795979  0.765296    0.02720225 -0.14881396
 -0.36217642  0.25252515 -0.20235395 -0.7386267  -0.64901716  0.4222447
 -0.03136554 -0.34955472  0.0567596  -0.877555    0.08090088 -0.200768
 -0.17750788 -0.28603625 -0.28058732 -0.0899359  -0.02941692  0.26554382
  0.6795157  -1.1542886  -0.5836266  -0.8098143  -0.07278585  0.597506
  0.41707695 -0.05916399  0.8151823   0.         -0.67767847 -0.3320133
  0.01912469 -1.0007228  -0.65564245  0.66113335 -0.4702974   0.6111014
  0.6971481   0.27008736 -0.17936084 -0.32880372 -0.35760015 -0.50965786
 -0.42019778 -0.08271483  1.1325467  -0.55405784  0.44501495 -0.05269484
  0.         -0.5480658  -0.14438672  0.3037816  -0.43861413 -0.28205404
 -0.15827525 -0.23270474  0.         -1.6275604   0.32710665  0.28421992
  0.11835188  0.03436708  0.3657806  -0.47198212 -1.1425085  -0.12184948
 -0.20173988 -0.35486495 -0.09201008 -0.02476227 -1.5902522  -0.50403506
 -0.21297547 -0.32919717  0.68630695  0.03068179 -0.08178811 -0.02613199
 -0.0501976  -0.4187072  -0.24221742 -0.51015556  0.75954336 -0.9680132
 -0.14641577 -0.3995058 ]"
81.66895294189453,1.0,0.18472313416502517,"[-0.582971    0.9614936  -0.54882467  0.00633347 -0.04551619  0.14490402
  0.06314981  0.21559969  0.12799299 -0.40145898 -1.0574579  -0.00252053
 -0.06459707  0.11048737  0.33778238 -0.9116734  -0.5130427  -0.6293893
  0.04378965  0.00726467 -0.840275    0.8139802  -0.1650641   0.10399963
  0.10712087 -0.27329022 -0.08808351  0.79716986 -0.03350157 -0.25414568
 -0.3303256   0.27986646 -0.5061414  -0.79637206 -0.9323891   0.49399877
  0.08066367 -0.71837413  0.05185825 -0.7954295   0.27436537 -0.29127836
 -0.14075059 -0.28484708 -0.40643412  0.10594624 -0.03847659  0.19379377
  0.69000465 -0.8835876  -0.5622131  -0.8201255  -0.13266349  0.39336693
  0.494739   -0.04214863  0.8516797   0.         -0.82746017 -0.22300702
  0.18004546 -0.8882871  -0.70081604  0.63948524 -0.34380782  0.66553825
  0.71601725  0.10370463 -0.21040258 -0.33757305 -0.31924647 -0.39857113
 -0.5690459  -0.06379738  0.9154676  -0.52246153  0.06823075 -0.0139363
  0.         -0.5125191  -0.26819375  0.4641838  -0.4240827  -0.42825776
 -0.10963714 -0.23080063  0.         -1.3227972   0.16274077  0.43345845
  0.15853047  0.00201768  0.18796468 -0.8415301  -1.0171034  -0.12808347
 -0.24421117 -0.34813637  0.01653516  0.01946402 -1.4776995  -0.695209
 -0.19161353 -0.1273906   0.4648975   0.08950484 -0.07461511  0.01783532
 -0.0115689  -0.33110276 -0.23865002 -0.3283916   0.800895   -0.83109736
 -0.10054499 -0.34357762]"
81.66008758544922,0.9629629629629629,0.18056467498358503,"[-6.75181031e-01  3.89228761e-01 -3.71673822e-01 -5.28740585e-02
 -2.29829639e-01 -9.82756615e-02 -5.23090363e-04  1.29371285e-01
  2.78766632e-01 -1.18830025e-01 -6.73920333e-01  2.55270600e-02
  4.61616516e-02  5.95061779e-02  1.42437935e-01 -6.02257609e-01
 -2.98235655e-01 -7.72193193e-01  5.03964722e-02 -1.56465620e-01
 -8.60438108e-01  7.58451700e-01 -1.64249599e-01 -3.59788597e-01
  8.19180608e-02 -2.22010657e-01 -9.40972567e-03  7.59687304e-01
  4.23409045e-02 -3.78416508e-01 -2.26356670e-01  2.20359385e-01
 -3.09048295e-01 -7.33836293e-01 -1.03685176e+00  4.89228129e-01
  1.01612315e-01 -9.56580520e-01  4.79045510e-02 -7.14921474e-01
  4.67210233e-01 -1.81943893e-01 -1.74971879e-01 -2.33450264e-01
 -3.98676991e-01  3.50105375e-01  2.69628704e-01 -6.24084473e-03
  6.43008590e-01 -6.98100686e-01 -4.24394369e-01 -5.82533181e-01
 -2.03137636e-01  3.02633941e-01  6.21394515e-01  3.63723934e-03
  8.13284516e-01  0.00000000e+00 -7.45709002e-01 -1.43895149e-02
  4.02001083e-01 -6.88812673e-01 -5.96720397e-01  4.61775392e-01
 -4.64851856e-02  7.10236967e-01  5.10529518e-01  5.43791056e-02
 -1.22463018e-01 -2.16214478e-01 -1.97878242e-01 -1.75684810e-01
 -6.96829855e-01 -1.11982495e-01  5.38086772e-01 -4.02647913e-01
 -3.08352470e-01 -5.45544028e-02  0.00000000e+00 -3.34295273e-01
 -2.31119066e-01  4.99239922e-01 -2.91899085e-01 -4.78148669e-01
 -1.36217356e-01 -1.82285070e-01  0.00000000e+00 -4.75537181e-01
  4.62415218e-02  5.19795775e-01  1.08482182e-01  7.38106370e-02
  1.82417035e-02 -1.07945001e+00 -7.83805847e-01 -2.77139544e-02
 -3.19010943e-01 -2.25131750e-01  5.00205159e-02 -4.68134880e-04
 -7.51902938e-01 -4.91576970e-01 -1.66456223e-01  1.40884474e-01
  1.24735832e-01  7.88057446e-02 -1.12650990e-02 -2.04330683e-03
 -3.40048075e-02 -2.79320717e-01 -6.73748553e-02 -9.00512934e-02
  6.30115032e-01 -5.74038625e-01 -5.72634339e-02 -4.10811961e-01]"
81.6740951538086,0.9444444444444444,0.17771941343838915,"[-0.8564117  -0.12185    -0.16734722 -0.21459848 -0.26847115 -0.32639945
 -0.27660286 -0.09556702  0.2723366   0.08932561 -0.6572593  -0.02527279
  0.2414968  -0.05721541  0.03430581 -0.2712221  -0.10658884 -0.86037993
  0.08653819 -0.17910942 -0.99257725  0.45011836 -0.05178368 -0.7010243
 -0.08495384 -0.12243317  0.0219602   0.6186504   0.24829943 -0.6093489
 -0.07945639  0.04839832  0.21405768 -0.5431989  -0.7948433   0.33841103
 -0.00868489 -0.8794942   0.05094481 -0.67067504  0.35299528 -0.07682467
 -0.17028773 -0.12782829 -0.2513255   0.55004984  0.4587971  -0.35934687
  0.4014959  -0.64958537 -0.19344336 -0.2921105  -0.2881682   0.23186845
  0.5123217   0.08465649  0.6474935   0.         -0.5746504   0.1094265
  0.5339074  -0.42298585 -0.33769083  0.31212524  0.26206368  0.71276295
  0.15538144  0.18605602  0.06029585 -0.00155997 -0.02315378 -0.04456311
 -0.58277094 -0.20964995  0.18680024 -0.22382745 -0.45716035 -0.12559894
  0.         -0.06372821 -0.14946374  0.35210595 -0.07110101 -0.41596472
 -0.12217763 -0.08095726  0.         -0.20179415  0.04034466  0.47599423
 -0.04787046  0.13328627 -0.02109575 -0.9900025  -0.4868523   0.1282937
 -0.41381672 -0.02451247  0.09297705 -0.00517046 -0.25057918 -0.06609723
 -0.1397939   0.31334585 -0.0597347   0.0807268   0.10226694 -0.00664955
 -0.03739005 -0.28458956  0.09612636 -0.00444967  0.31620187 -0.3005189
 -0.02551645 -0.5933685 ]"
81.60955810546875,0.9814814814814815,0.18406653534690304,"[-1.00900817e+00 -4.55713332e-01 -7.45481253e-03 -4.36153114e-01
 -2.50265419e-01 -5.45331359e-01 -4.32741880e-01 -4.05505717e-01
  8.28704834e-02  9.56647694e-02 -1.02086103e+00 -1.77882224e-01
  4.11319554e-01 -2.15872318e-01  9.86123085e-03 -5.94630539e-02
  1.72007084e-02 -9.30686831e-01  1.03801504e-01 -1.01996034e-01
 -1.07307124e+00  1.37935758e-01  2.07864642e-02 -8.25797439e-01
 -3.49117994e-01 -4.74429131e-02 -3.51132751e-02  3.82158518e-01
  4.34905827e-01 -8.37239683e-01  2.80348957e-02 -2.15779126e-01
  3.90940547e-01 -3.15182030e-01 -5.54343164e-01 -2.74240971e-03
 -2.22415864e-01 -6.66858971e-01  4.99919951e-02 -6.88134670e-01
 -8.29416513e-02  1.77410841e-02 -6.84980452e-02 -5.05433753e-02
 -1.07078552e-01  5.35310864e-01  5.02446711e-01 -6.29585028e-01
  8.19210708e-02 -8.07631016e-01  3.72624397e-02 -2.06863821e-01
 -3.09942484e-01  8.74111652e-02  2.29166567e-01  1.42162398e-01
  3.23093534e-01  0.00000000e+00 -4.87775266e-01  2.92799950e-01
  5.37198901e-01 -1.96843207e-01 -5.83615303e-02  2.48257115e-01
  4.39025402e-01  6.64118350e-01 -1.18304968e-01  2.74857879e-01
  2.39398643e-01  2.14447796e-01  1.17127329e-01  1.53982699e-01
 -4.52250302e-01 -3.48695904e-01  2.69523859e-02 -6.45666420e-02
 -5.12558460e-01 -2.12802470e-01  0.00000000e+00  2.04373479e-01
 -1.49377555e-01  4.86969948e-04  1.44501448e-01 -3.80216092e-01
 -2.28824317e-02 -5.15422225e-03  0.00000000e+00 -1.29753590e-01
  1.02488220e-01  3.99357557e-01 -2.76864290e-01  1.12950265e-01
  2.62179971e-02 -7.64269173e-01 -2.40667969e-01  2.30879068e-01
 -5.20363510e-01  1.23974323e-01  1.62290514e-01  9.93322730e-02
 -1.58070788e-01 -1.60540044e-02 -1.15600348e-01  3.14726472e-01
  2.49736905e-02  1.49259210e-01  1.82733089e-01  9.73124504e-02
  6.82566762e-02 -2.89362758e-01  1.41741276e-01  4.27724123e-02
  5.79684973e-04 -1.44074917e-01 -3.56502533e-02 -7.12032676e-01]"
81.59436798095703,1.0,0.18559859925585467,"[-1.01106715e+00 -5.38745224e-01  3.29124928e-03 -5.97014010e-01
 -1.61500305e-01 -6.03238940e-01 -4.78021860e-01 -5.99135697e-01
 -1.65737152e-01  1.81631148e-02 -1.47976959e+00 -3.44374955e-01
  4.34562057e-01 -3.32946569e-01 -5.37806749e-03 -1.81463480e-01
  9.66866016e-02 -8.63673925e-01  8.51683170e-02  6.55681938e-02
 -9.86723542e-01 -2.40210056e-01  8.19346309e-02 -7.91439593e-01
 -5.57779908e-01 -6.28184229e-02 -7.10707307e-02  2.26850212e-01
  4.70603764e-01 -8.22926521e-01  3.29662561e-02 -4.21665192e-01
  4.92338061e-01 -1.74211860e-01 -3.34363163e-01 -2.52700388e-01
 -3.98577869e-01 -3.85581434e-01  4.22382504e-02 -6.94102049e-01
 -4.98906821e-01  2.22558975e-02  1.38322711e-02 -6.99247718e-02
 -1.27067983e-01  2.62664974e-01  4.84219790e-01 -7.40709782e-01
 -1.14515334e-01 -9.74225223e-01  4.98085618e-02 -1.98091865e-01
 -2.58979738e-01  2.00895369e-01 -1.67630196e-01  1.37349546e-01
  3.37439775e-02  0.00000000e+00 -4.04106736e-01  4.46563721e-01
  2.96436787e-01 -1.56195730e-01  5.01193106e-03  2.24844456e-01
  4.43471432e-01  5.48773885e-01 -2.33052492e-01  3.60035241e-01
  1.87942654e-01  2.20688224e-01  1.33318812e-01  3.27741385e-01
 -4.63986099e-01 -4.42502081e-01  4.88618016e-02 -6.44033253e-02
 -3.58982801e-01 -2.74208963e-01  0.00000000e+00  2.30109096e-01
 -1.73084080e-01 -2.77063161e-01  1.45197332e-01 -3.10676247e-01
  6.43393397e-02 -2.26865560e-02  0.00000000e+00 -1.17608368e-01
  1.88388586e-01  3.22331309e-01 -4.41846371e-01  6.29320145e-02
  1.31439388e-01 -4.68525887e-01 -2.00951129e-01  1.06669128e-01
 -6.05783701e-01  1.28416419e-01  1.93488777e-01  1.87142968e-01
 -2.34039113e-01  1.46436691e-03 -1.06279016e-01  1.38800219e-01
  1.85663760e-01  2.25187659e-01  1.63177490e-01  1.85421169e-01
  1.57657325e-01 -2.89348364e-01  1.40042454e-01  9.22068357e-02
 -1.86599255e-01 -1.43191963e-01 -3.41586471e-02 -6.18792951e-01]"
81.60222625732422,0.9629629629629629,0.1860363318012694,"[-7.24370599e-01 -3.84045422e-01 -5.57250977e-02 -6.35284126e-01
 -6.94346428e-02 -4.42635894e-01 -3.74191761e-01 -6.25378847e-01
 -3.49501371e-01 -1.24751151e-01 -1.75056207e+00 -4.42241460e-01
  3.31511259e-01 -3.48676741e-01  3.95005941e-03 -4.18439746e-01
  1.08549595e-01 -6.42421365e-01  3.60413268e-02  1.94317460e-01
 -6.38220131e-01 -4.20562148e-01  1.42425358e-01 -5.96587241e-01
 -6.32026255e-01 -1.47291720e-01 -6.93033338e-02  1.93572491e-01
  3.63160193e-01 -6.17660105e-01 -4.68441844e-02 -4.95823979e-01
  5.23253679e-01 -1.32337332e-01 -8.65867734e-02 -3.21514189e-01
 -4.63612467e-01 -1.63468301e-01  2.35695243e-02 -6.92461431e-01
 -7.25204945e-01 -7.54963160e-02  1.82225108e-02 -1.63930207e-01
 -2.73727357e-01 -1.12713158e-01  4.08187449e-01 -6.65552378e-01
 -1.16106331e-01 -1.03020799e+00 -3.11119556e-02 -2.04322994e-01
 -1.41744137e-01  3.10034096e-01 -3.85127187e-01  8.03633630e-02
 -1.83656096e-01  0.00000000e+00 -3.47903609e-01  5.32321572e-01
 -6.00242019e-02 -1.83377951e-01 -7.54445791e-02  2.30764136e-01
  3.04455638e-01  4.26964045e-01 -1.65557623e-01  4.52069402e-01
  6.41648620e-02  1.30401671e-01  5.32084107e-02  4.65880632e-01
 -4.24506038e-01 -4.38040733e-01  2.03171968e-01 -1.38675958e-01
 -2.48448998e-01 -2.78498113e-01  0.00000000e+00  1.47241950e-01
 -2.31338367e-01 -4.13777679e-01  5.39569855e-02 -2.78102934e-01
  6.99962676e-02 -1.10321119e-01  0.00000000e+00 -1.48208976e-01
  2.35029399e-01  2.91471422e-01 -4.83242035e-01 -1.81733966e-02
  2.05901921e-01 -2.40209460e-01 -2.45622307e-01 -2.97665596e-04
 -6.50600433e-01  4.11866903e-02  1.69962943e-01  1.84494257e-01
 -3.21381748e-01  1.70493126e-03 -1.07874066e-01 -1.25357658e-01
  2.10256457e-01  2.12257147e-01  6.34235442e-02  1.82906032e-01
  1.57273531e-01 -2.84958482e-01  1.41912431e-01  1.37890041e-01
 -2.32918650e-01 -2.60739148e-01 -2.00098753e-02 -3.67106080e-01]"
81.5585708618164,1.0,0.1851608667104399,"[-2.20949173e-01 -1.01834327e-01 -1.43140912e-01 -5.43532550e-01
 -2.34547555e-02 -1.34031534e-01 -2.53746510e-01 -4.65983152e-01
 -3.41311574e-01 -2.30973482e-01 -1.58177805e+00 -4.47981119e-01
  1.62660420e-01 -2.64273673e-01  1.34320050e-01 -6.16019785e-01
  4.35233116e-02 -3.27807784e-01 -2.77927630e-02  2.24630967e-01
 -1.14295304e-01 -1.77665949e-01  1.90486193e-01 -3.47332001e-01
 -5.48978150e-01 -2.64366478e-01 -1.03997469e-01  2.76377708e-01
  1.99020624e-01 -2.31695354e-01 -1.59354627e-01 -4.19085622e-01
  4.73554850e-01 -1.65529191e-01  1.25280976e-01 -1.72058105e-01
 -3.81220102e-01 -8.69932771e-02 -1.02177262e-03 -6.46150827e-01
 -6.09406352e-01 -2.42364049e-01 -1.02029085e-01 -2.91673362e-01
 -4.87619162e-01 -4.77055758e-01  3.00286829e-01 -5.23041248e-01
  7.36614764e-02 -9.06145155e-01 -1.72849655e-01 -2.31282890e-01
 -2.43011713e-02  3.69763792e-01 -4.29059148e-01 -5.97879291e-04
 -2.72035241e-01  0.00000000e+00 -3.21801543e-01  4.79563951e-01
 -4.18922365e-01 -2.52274811e-01 -2.53610075e-01  2.04743043e-01
  1.01218402e-01  3.23691726e-01 -5.14260530e-02  5.11947572e-01
 -9.28976089e-02 -3.19791436e-02 -6.04745150e-02  4.19869184e-01
 -3.70579988e-01 -3.55466127e-01  3.71761978e-01 -2.52587527e-01
 -2.48043507e-01 -2.42544100e-01  0.00000000e+00 -7.34329224e-03
 -3.10856521e-01 -3.85508120e-01 -8.97823572e-02 -3.74342203e-01
 -5.03041446e-02 -2.32498065e-01  0.00000000e+00 -2.08741665e-01
  2.04207003e-01  2.90223837e-01 -3.89487863e-01 -1.07038140e-01
  1.88316286e-01 -1.60019815e-01 -3.44722211e-01 -1.61014557e-01
 -6.43603325e-01 -7.87239671e-02  8.32102299e-02  5.89478612e-02
 -3.50313544e-01 -6.26543164e-03 -1.13909274e-01 -3.66153181e-01
  2.05746889e-02  8.28071237e-02 -6.96526617e-02  5.74573874e-02
  3.34714055e-02 -2.80700207e-01  1.68328553e-01  1.81512713e-01
 -5.98335266e-02 -3.90185148e-01  2.59416103e-02 -3.23352218e-02]"
81.55538177490234,0.9629629629629629,0.1827533377106588,"[ 0.22139776  0.09039295 -0.15978405 -0.35661358 -0.05745855  0.13751245
 -0.06206715 -0.21224296 -0.04852331 -0.201298   -0.924127   -0.3481094
  0.01682228 -0.09050876  0.291201   -0.6533359  -0.0742743  -0.1008327
 -0.07850062  0.15239742  0.33922535  0.2211752   0.21783721 -0.17716643
 -0.33711445 -0.35497382 -0.08661109  0.4616659   0.11398101  0.07054514
 -0.2439126  -0.22980171  0.3025205  -0.17397559  0.17484277  0.05661744
 -0.17443997 -0.14382076 -0.02189492 -0.5339147  -0.22606549 -0.410259
 -0.29908395 -0.38817704 -0.64283663 -0.60775626  0.20364505 -0.34372687
  0.2632226  -0.60131156 -0.26945037 -0.26590353  0.12110358  0.3049851
 -0.15478194 -0.06336743 -0.22926366  0.         -0.30903053  0.24690461
 -0.55716836 -0.2628531  -0.3827799   0.16993044  0.01812422  0.3034542
  0.1181674   0.45671386 -0.17011155 -0.14781642 -0.14940399  0.19067824
 -0.25278145 -0.21778226  0.44053096 -0.31465727 -0.35237873 -0.1686912
  0.         -0.11345875 -0.37551752 -0.22371766 -0.19217676 -0.506551
 -0.24754202 -0.3270938   0.         -0.2474277   0.10732704  0.25045395
 -0.19712585 -0.19341606  0.09859759 -0.21103889 -0.3644092  -0.23480803
 -0.5818085  -0.16883337 -0.05164361 -0.1399731  -0.2323831  -0.06359097
 -0.11877997 -0.44008797 -0.31916177 -0.11605799 -0.17620029 -0.1414482
 -0.1647175  -0.28055337  0.15674281  0.15441     0.07528526 -0.4100384
  0.14093393  0.23778683]"
81.53775024414062,0.9814814814814815,0.1845042678923178,"[ 4.37590122e-01  7.40975440e-02 -8.97210240e-02 -1.54911041e-01
 -1.30533904e-01  2.31718898e-01  1.06739402e-01 -3.65205705e-02
  2.85040379e-01 -8.25707316e-02 -2.63962746e-01 -2.32215822e-01
 -1.08801126e-02  8.27502012e-02  3.70666087e-01 -4.86598402e-01
 -1.66432858e-01 -1.47997916e-01 -9.30084363e-02  4.94818389e-02
  5.32911718e-01  5.71235418e-01  1.94675148e-01 -2.01505214e-01
 -1.14798307e-01 -3.69077623e-01 -1.09572411e-01  6.70224130e-01
  1.54143363e-01  1.50073022e-01 -2.44887248e-01 -3.44216228e-02
 -3.50539684e-02 -7.95556307e-02 -1.67746544e-02  1.06538057e-01
  1.83696449e-02 -2.09465325e-01 -3.06009948e-02 -3.69108737e-01
 -4.50530946e-02 -5.18891931e-01 -4.42380726e-01 -4.01030064e-01
 -6.41785026e-01 -4.50147569e-01  1.42480433e-01 -2.18508601e-01
  2.08314031e-01 -2.00805962e-01 -2.80179203e-01 -3.67152572e-01
  2.52891719e-01  6.13865256e-02  2.24723577e-01 -7.57355988e-02
 -1.18023396e-01  0.00000000e+00 -2.88687229e-01  5.83410263e-04
 -3.85459036e-01 -1.90547198e-01 -3.57007295e-01  1.98359340e-01
  9.33944583e-02  3.45952809e-01  2.25727141e-01  2.35286236e-01
 -1.33412033e-01 -1.58611298e-01 -1.59657925e-01 -6.50328398e-02
 -1.20755196e-01 -7.40044415e-02  3.24544400e-01 -2.90538549e-01
 -4.74388182e-01 -7.49402195e-02  0.00000000e+00 -9.70561504e-02
 -3.79108757e-01  1.54945850e-02 -2.06597567e-01 -5.50843716e-01
 -3.93491119e-01 -3.42361391e-01  0.00000000e+00 -2.42831290e-01
  1.55391693e-02  1.09813273e-01  3.38011980e-03 -2.53027558e-01
  7.12597370e-03 -2.79972732e-01 -2.68196881e-01 -1.94939613e-01
 -4.90265429e-01 -1.76745415e-01 -1.62744880e-01 -2.90133655e-01
 -7.64905363e-02 -2.20522016e-01 -1.14333495e-01 -2.92491823e-01
 -5.13021231e-01 -2.66502142e-01 -1.98716193e-01 -2.91664511e-01
 -3.14104438e-01 -2.92756557e-01  6.50105774e-02  4.31634188e-02
  3.15063000e-02 -2.61081874e-01  3.06432903e-01  2.99144804e-01]"
81.5226821899414,1.0,0.1860363318012694,"[ 0.43114638 -0.10778865  0.01744288 -0.01403493 -0.21908134  0.17719853
  0.17101967  0.02572125  0.4046725   0.01143545  0.0984745  -0.1467115
  0.06840396  0.17619227  0.29700705 -0.2084167  -0.19014478 -0.29582578
 -0.07481771  0.07667604  0.4970585   0.68238413  0.20689785 -0.29896697
  0.02932435 -0.3094066  -0.12259275  0.79039735  0.2240321   0.01363772
 -0.1727691   0.09577829 -0.29331183  0.07633197 -0.2478354   0.0164482
  0.10827744 -0.13848114 -0.03290744 -0.22313452 -0.03093731 -0.6080589
 -0.40394354 -0.33633664 -0.5163238  -0.14236607  0.10379618 -0.19154418
 -0.01603738  0.1626774  -0.21654809 -0.42995894  0.31810945 -0.25098062
  0.37292445 -0.04361528 -0.01276684  0.         -0.1513251  -0.16404343
 -0.0545513  -0.06767279 -0.2218453   0.23527877  0.25928932  0.38355583
  0.22101903 -0.04639846 -0.03931168 -0.0908981  -0.09833696 -0.2339462
 -0.0468182   0.02913976  0.11458242 -0.2079758  -0.40556782 -0.02173895
  0.          0.01162434 -0.27942902  0.17368525 -0.14486659 -0.41282266
 -0.35975432 -0.28209397  0.         -0.18292356  0.01736152 -0.09195465
  0.14469892 -0.2620226   0.00964046 -0.22267777 -0.10354125 -0.09719288
 -0.4086051  -0.11322188 -0.15367556 -0.26883087  0.05835119 -0.403155
 -0.0963809  -0.04761881 -0.31344977 -0.25227398 -0.15290546 -0.27039677
 -0.28992662 -0.31249955 -0.06780726 -0.08490646 -0.16591656 -0.03458346
  0.43673855  0.15969628]"
81.51448822021484,1.0,0.1851608667104399,"[ 3.53464007e-01 -3.26657236e-01  8.10904503e-02  4.92674112e-03
 -3.05958062e-01  9.21968222e-02  1.26393437e-01 -1.96456909e-04
  3.39864135e-01  9.26767588e-02  1.50955319e-01 -1.51565343e-01
  1.82111621e-01  1.50587350e-01  1.37806028e-01  1.53152645e-02
 -9.72001553e-02 -3.44689608e-01 -4.14173603e-02  2.41813362e-01
  3.78399640e-01  4.64612842e-01  2.27685511e-01 -4.12185878e-01
 -1.29103661e-03 -2.10438997e-01 -1.11826301e-01  7.35754371e-01
  2.24478960e-01 -1.84190869e-01 -8.00361633e-02  9.10099149e-02
 -2.74172902e-01  2.05020964e-01 -3.10183465e-01 -1.48233742e-01
  5.78446686e-02  6.43363595e-02 -3.54155302e-02 -1.65487498e-01
 -1.28544509e-01 -5.96761703e-01 -2.17235655e-01 -2.31823847e-01
 -3.57054234e-01  1.20617539e-01  2.12319970e-01 -2.42754221e-01
 -2.67262310e-01  3.50982547e-01 -1.23527348e-01 -3.58860970e-01
  3.02361250e-01 -4.33866501e-01  2.17832327e-01  5.16262650e-03
 -1.29609108e-02  0.00000000e+00  1.52493715e-02 -1.99752569e-01
  2.44397163e-01  4.15933430e-02 -6.49535060e-02  1.81080267e-01
  3.77257109e-01  3.48700613e-01  1.25180006e-01 -2.22421348e-01
  4.70731184e-02  1.75219774e-03 -9.61047411e-03 -2.49317765e-01
 -8.59797299e-02  4.57066000e-02 -7.84391165e-02 -1.22952469e-01
 -1.51421547e-01 -5.10163754e-02  0.00000000e+00  1.37646198e-01
 -5.58045655e-02  1.52068496e-01 -5.45339584e-02 -1.11282736e-01
 -1.82589948e-01 -1.82509482e-01  0.00000000e+00 -3.86661291e-02
  9.85067487e-02 -3.00028682e-01  1.57820702e-01 -2.23520726e-01
  9.59649086e-02 -2.43033767e-02  4.53936458e-02 -2.09948421e-02
 -3.58468771e-01 -2.25476027e-02 -5.69604635e-02 -1.12136245e-01
  2.40724385e-01 -4.59982902e-01 -7.10892677e-02  1.50150210e-01
  1.80966556e-01 -1.08164489e-01 -7.70401880e-02 -1.13753319e-01
 -1.28898203e-01 -3.30819607e-01 -1.38471782e-01 -1.88349903e-01
 -4.06299949e-01  1.32556498e-01  4.66151297e-01 -3.85852456e-02]"
81.52172088623047,0.9814814814814815,0.18406653534690304,"[ 0.27701032 -0.41719452  0.04829073 -0.05411524 -0.36922562  0.0328927
  0.02796018 -0.03284216  0.09542155  0.04193568 -0.11002123 -0.23086166
  0.2827912   0.04362157 -0.04102433  0.09043548  0.03472662 -0.264764
 -0.00417588  0.4292498   0.2925694   0.05060303  0.24269229 -0.37933132
 -0.15368098 -0.11076955 -0.11080283  0.54372907  0.11393613 -0.25140572
  0.00283653 -0.0033834  -0.0116564   0.27766573 -0.14189065 -0.30597156
 -0.08219522  0.2842967  -0.03052512 -0.20348504 -0.3105955  -0.53524923
 -0.03500256 -0.13013604 -0.20605785  0.1903078   0.23497325 -0.31581008
 -0.3849919   0.33492434 -0.05838203 -0.20679963  0.24820244 -0.40442652
 -0.2464925   0.05541354 -0.13345563  0.          0.13632393 -0.13913214
  0.35059515  0.0802418   0.05444887  0.07527004  0.35531306  0.2121673
  0.0013026  -0.2227428   0.07300219  0.05913073  0.0686051  -0.129107
 -0.17935413  0.00689256 -0.11096513 -0.0937423   0.13224865 -0.13664684
  0.          0.2156192   0.13270439 -0.02689517  0.0066185   0.15224373
 -0.00664979 -0.07673601  0.          0.00690269  0.18539989 -0.42143273
  0.09361178 -0.18203166  0.20300448  0.18713838  0.10972387 -0.01886788
 -0.3307298   0.04725981  0.05567968  0.04848665  0.27305597 -0.39385045
 -0.04565905  0.20163307  0.675833    0.04138112  0.00079513  0.04690593
  0.03510249 -0.3322425  -0.09119704 -0.22255576 -0.468907    0.16175087
  0.38888013 -0.14457333]"
81.54104614257812,0.9444444444444444,0.1842854016196104,"[ 2.48934269e-01 -3.23731154e-01 -4.92672026e-02 -1.05388582e-01
 -3.08452696e-01  7.23245144e-02 -1.40065670e-01  4.88435030e-02
 -1.73709393e-01 -8.19501281e-02 -4.33220983e-01 -3.06735337e-01
  3.21108401e-01 -3.44267190e-02 -1.00051999e-01  3.57430279e-02
  1.08886480e-01 -1.19410753e-01  1.93158984e-02  4.34403300e-01
  3.16525221e-01 -2.41315126e-01  2.81635761e-01 -1.29314542e-01
 -3.13741505e-01 -4.08220850e-02 -1.32733881e-01  3.49015474e-01
 -8.21643770e-02 -1.36854202e-01  4.60936725e-02 -1.02206767e-01
  1.53232813e-01  2.56577253e-01  1.02887988e-01 -3.19772959e-01
 -1.92767933e-01  3.25709999e-01 -2.80584097e-02 -2.68014163e-01
 -4.13160920e-01 -4.31150198e-01 -3.33654284e-02 -5.94915450e-02
 -1.38964415e-01  5.52068949e-02  1.51395977e-01 -3.61413836e-01
 -2.85499871e-01  2.17977166e-01 -5.19335270e-02 -9.88245010e-02
  1.38300538e-01 -2.66595125e-01 -7.07575321e-01  8.90833586e-02
 -2.96258926e-01  0.00000000e+00  2.04162061e-01 -1.25732422e-01
  2.01703966e-01  4.19746935e-02  7.29783922e-02  3.27964127e-02
  2.15695798e-01  4.84392643e-02 -1.03306532e-01 -9.22282934e-02
  4.60651070e-02  5.77672124e-02  1.07093692e-01 -1.33998871e-01
 -2.42593735e-01 -3.16398144e-02  4.85007167e-02 -1.19928844e-01
  1.49828672e-01 -1.84640735e-01  0.00000000e+00  2.13340878e-01
  1.31040469e-01 -2.32731640e-01  9.43267345e-03  2.06598982e-01
 -4.70697880e-04 -5.79250604e-03  0.00000000e+00 -6.21519685e-02
  1.92454100e-01 -4.35238659e-01  2.32318044e-02 -1.46482646e-01
  2.18479872e-01  2.21747994e-01  7.90851116e-02 -6.94178343e-02
 -2.64874995e-01  6.64893389e-02  7.10063577e-02  5.68491220e-02
  1.06205970e-01 -2.93857545e-01 -2.56910026e-02  1.11982018e-01
  6.62176669e-01  5.43027520e-02  4.81463671e-02  5.53922057e-02
  4.30257916e-02 -3.17866802e-01 -5.53745329e-02 -2.02891350e-01
 -2.82335401e-01  6.00150377e-02  2.92264134e-01 -9.19049978e-02]"
81.49515533447266,1.0,0.1853797329831473,"[ 2.23583102e-01 -1.66670352e-01 -1.11736685e-01 -1.19686365e-01
 -3.34613204e-01  1.26003623e-01  2.88552761e-01  2.75686979e-01
 -2.15373278e-01 -6.42831922e-02 -3.10570240e-01 -3.24024558e-01
  3.17357183e-01 -5.75364828e-02 -1.07595921e-01  1.82828844e-01
  1.02472544e-01 -3.44592333e-03  4.01783511e-02  1.81643516e-01
  3.78328919e-01 -2.08512902e-01  2.58719563e-01  1.67579472e-01
 -4.07549798e-01 -5.23818657e-04 -1.50011778e-01  2.18447685e-01
 -1.01437747e-01  3.28908861e-02  5.28810620e-02 -1.50827289e-01
  2.86013246e-01  1.92473650e-01  2.89496303e-01 -1.51083529e-01
 -1.99434102e-01  8.85545611e-02 -1.31879151e-02 -2.98535168e-01
 -1.25053346e-01 -2.82639027e-01 -2.09079683e-01 -2.14374661e-02
 -2.47290730e-02 -3.42748165e-02  2.18552709e-01 -9.67177153e-02
 -3.03622037e-02  9.13642645e-02 -6.25152588e-02 -6.27973080e-02
  1.91116333e-01 -1.06489897e-01 -6.98953390e-01  1.14597470e-01
 -4.21213150e-01  0.00000000e+00  1.79764509e-01 -1.84342980e-01
  1.48148000e-01  2.33645737e-02  8.19860697e-02 -7.63504207e-03
  2.31361330e-01 -4.77463007e-03  2.18318939e-01  5.52718639e-02
  2.86940411e-02  6.23295903e-02  1.04480118e-01 -2.89980412e-01
 -4.67016101e-02 -5.66603541e-02  2.48925090e-01 -1.30245239e-01
 -1.52019620e-01 -1.98995277e-01  0.00000000e+00  1.94274306e-01
  2.30220072e-02 -4.06184494e-01  7.53551722e-03 -1.64501369e-02
 -1.69498384e-01  3.91439646e-02  0.00000000e+00 -5.86142540e-02
  5.32185435e-02 -3.77016604e-01 -1.02057457e-02 -1.20455682e-01
  6.07084632e-02 -2.54033804e-02  7.94656277e-02 -6.15805984e-02
 -2.03744739e-01  5.89252114e-02 -2.61906385e-02 -9.80642438e-02
  6.41331077e-02 -1.83135718e-01 -2.73160487e-02  1.44673735e-01
  1.65765226e-01 -8.51876140e-02  6.37846515e-02 -9.95058417e-02
 -1.15281224e-01 -2.07261771e-01 -5.90737760e-02 -1.89567685e-01
 -7.86695480e-02  7.92759955e-02  2.41993606e-01  4.49900627e-02]"
81.4970474243164,0.9814814814814815,0.1853797329831473,"[ 0.15234923 -0.07443762 -0.15159261 -0.05982757 -0.25417146  0.10442281
  0.3904425   0.49970204 -0.09246314 -0.00487542  0.10534585 -0.28110895
  0.21345526  0.00126943 -0.11453518  0.18430829  0.0769012  -0.00739765
  0.02675928 -0.00341824  0.3873676   0.10444796  0.21096367  0.28507036
 -0.3825304  -0.01699805 -0.1812247   0.22987151 -0.21937168  0.16193679
  0.00781322 -0.11077803  0.29851913 -0.01130128  0.3141808   0.09659863
 -0.10134982 -0.11865914 -0.01533219 -0.26287574  0.32142055 -0.15839088
 -0.344445   -0.04318968 -0.0978477  -0.21053669  0.257576   -0.0128541
  0.18671858  0.10058624 -0.13234419 -0.08530033  0.08971906 -0.05387902
 -0.3448634   0.09933358 -0.43051076  0.          0.11630821 -0.18300629
 -0.0113624  -0.03952879 -0.07007158  0.03723568  0.16274977  0.00090843
  0.33512092  0.09759831 -0.01204617  0.00975442  0.05302951 -0.2973131
 -0.03543946 -0.0171119   0.29790723 -0.17107236 -0.3785506  -0.15101917
  0.          0.08447075 -0.07420278 -0.36643726 -0.05492729 -0.19733357
 -0.29871863  0.0228734   0.         -0.06660783 -0.06863809 -0.27158743
  0.03910255 -0.08564109 -0.06229421 -0.22803879  0.00676256 -0.08549803
 -0.10180202 -0.00283068 -0.10611248 -0.2154572   0.01561046 -0.12933382
 -0.03452316  0.06905293 -0.2120693  -0.19043267  0.02501766 -0.21687204
 -0.23583522 -0.12636498 -0.10853392 -0.12266463  0.15009695  0.00187294
  0.24512911  0.12752676]"
81.49164581298828,1.0,0.18581746552856204,"[ 0.03232324 -0.19339067 -0.11858991  0.01251614 -0.13180158  0.01894581
  0.25190878  0.5632421  -0.02903163  0.02635837  0.40421128 -0.21742773
  0.09905493  0.06308718 -0.14382249  0.03864112  0.03864455 -0.13636023
  0.00303067 -0.00399798  0.2643814   0.37010872  0.12394875  0.20021391
 -0.33025867 -0.04480142 -0.25550652  0.28095317 -0.35173094  0.02485895
 -0.03823587 -0.05546504  0.16937768 -0.23286271  0.15894097  0.27519292
 -0.02370691 -0.1104064  -0.0252091  -0.1902341   0.58360004 -0.06121373
 -0.30112875 -0.07635967 -0.22358453 -0.34427488  0.23886621 -0.11193335
  0.22235198  0.13993555 -0.1766212  -0.17792892 -0.11641085 -0.14274752
 -0.02547407  0.07374227 -0.36576653  0.         -0.0039587  -0.11161554
 -0.1365088  -0.07761753 -0.22738826  0.11296177  0.05607021  0.08221346
  0.26939428  0.01496351  0.02533393 -0.01322961  0.00282043 -0.22266304
 -0.18232164  0.04423827  0.19499326 -0.16839395 -0.35119802 -0.10433568
  0.         -0.00668263 -0.10523251 -0.26005352 -0.09234154 -0.20139398
 -0.25029543 -0.00626342  0.         -0.10097611 -0.05916381 -0.1715197
  0.10213155 -0.03389257 -0.04636681 -0.22429252 -0.05262482 -0.02983451
 -0.00111178 -0.04728013 -0.05440724 -0.16242361 -0.10069275 -0.1518436
 -0.04079924 -0.03928268 -0.18146628 -0.13323992 -0.01956383 -0.16364557
 -0.18299043 -0.07396802 -0.23127303 -0.02129507  0.1106205  -0.10544829
  0.29460174  0.00791764]"
81.50667572021484,0.9814814814814815,0.1853797329831473,"[-0.1012491  -0.4631858  -0.046312    0.05991381  0.04249325 -0.08173513
  0.07872939  0.23336351 -0.09281683 -0.02293462  0.37684608 -0.16040316
  0.04998362  0.07607862 -0.18408176 -0.06450146 -0.00734901 -0.28783023
 -0.01058122  0.12222022  0.06203371  0.32278442  0.03239346 -0.12272996
 -0.30474705 -0.04755025 -0.34865963  0.30026054 -0.3762406  -0.23043618
 -0.0511799  -0.02382779  0.01882708 -0.33485496 -0.01895422  0.10372299
 -0.02508107  0.05975354 -0.03365088 -0.12165362  0.3900926   0.02257586
 -0.12654513 -0.08335404 -0.25815073 -0.35674667  0.17012829 -0.25050998
  0.03901921  0.11536825 -0.17127168 -0.2500806  -0.31714487 -0.23955464
  0.01130462  0.06295189 -0.29587185  0.         -0.12356782  0.01281595
 -0.13463086 -0.07110649 -0.27695027  0.13993372  0.0096482   0.16546386
  0.14126611 -0.08354193  0.09494618  0.0129503  -0.01074091 -0.09216213
 -0.25266886  0.07562906 -0.0994401  -0.13013795 -0.11482863 -0.09701564
  0.         -0.02629125 -0.05243446 -0.2107951  -0.08096755 -0.06065495
 -0.07596207 -0.0092852   0.         -0.15984952  0.04435223 -0.07068914
  0.14042228  0.03671235  0.06660229 -0.06450659 -0.04687071  0.04695535
  0.10205436 -0.04764354  0.07144028  0.00723255 -0.26533806 -0.17905545
 -0.0417043  -0.08431727  0.09515524  0.03246015 -0.03409252  0.00615752
 -0.0111962  -0.03388175 -0.3443256   0.11826032 -0.0613668  -0.1448854
  0.32287014 -0.24995202]"
81.48310089111328,0.9814814814814815,0.1853797329831473,"[-1.89320564e-01 -5.57721078e-01 -2.12693214e-03  2.37674117e-02
  1.61065549e-01 -9.92331505e-02  3.61688137e-02 -1.34581387e-01
 -1.51315808e-01 -6.89863563e-02  1.82038307e-01 -1.89733967e-01
  7.17441440e-02  1.28019452e-02 -1.81905776e-01 -7.33591616e-02
 -3.23283672e-02 -2.54333794e-01 -1.30773857e-02  2.55422771e-01
 -8.03648829e-02  6.86415434e-02  6.25140071e-02 -3.68976295e-01
 -3.78768086e-01 -2.66274791e-02 -3.19177449e-01  2.11171508e-01
 -2.47591078e-01 -3.32060367e-01 -3.99716794e-02 -7.48546124e-02
 -2.59313583e-02 -2.74689674e-01 -6.28129840e-02 -9.25297439e-02
 -1.09642446e-01  1.52946472e-01 -3.70393991e-02 -1.15560532e-01
  4.26468849e-02  7.21325874e-02 -1.79688334e-02 -6.56191260e-02
 -1.60762846e-01 -2.94786990e-01  6.04035854e-02 -2.93815374e-01
 -1.22379214e-01  1.39275730e-01 -1.46495342e-01 -1.74434185e-01
 -4.17802095e-01 -2.27676868e-01 -9.90598202e-02  6.86812177e-02
 -2.03435779e-01  0.00000000e+00 -1.06089234e-01  5.91031313e-02
 -3.48610282e-02 -5.42710423e-02 -2.06284374e-01  1.08518079e-01
  5.09678721e-02  1.74481273e-01  8.34540129e-02 -8.77968073e-02
  1.31313518e-01  4.46438789e-02  5.43764234e-03 -4.25059795e-02
 -1.35865301e-01  4.67426181e-02 -2.59244680e-01 -9.75966454e-02
  1.37670189e-01 -1.41625613e-01  0.00000000e+00 -3.61204147e-05
 -7.17688054e-02 -1.70630813e-01 -5.38611412e-02  9.14138556e-03
  3.30488682e-02  1.26376208e-02  0.00000000e+00 -2.10610628e-01
  1.04614735e-01  5.20972013e-02  9.96255875e-02  4.45951223e-02
  1.38891041e-01  1.95761919e-02 -7.20328093e-03  8.32064748e-02
  1.42898321e-01 -2.74281502e-02  1.55515671e-01  1.13207161e-01
 -3.65113795e-01 -1.51843935e-01 -3.87063399e-02 -3.09313536e-02
  2.53669083e-01  1.36024356e-01 -2.20132992e-02  1.12223804e-01
  9.62253213e-02 -6.74140453e-03 -3.16124588e-01  2.31520951e-01
 -1.79450989e-01 -9.02571976e-02  2.80782819e-01 -3.41922164e-01]"
81.48810577392578,0.9629629629629629,0.1853797329831473,"[-0.21530592 -0.35478398 -0.02380142 -0.04600024  0.14877206 -0.0128957
  0.07287908 -0.33990172 -0.12750518 -0.06298614  0.00436771 -0.26707652
  0.10879356 -0.07348317 -0.15676832 -0.0372797  -0.02997804 -0.09187198
 -0.01417099  0.24768588 -0.08334869 -0.17663896  0.23752832 -0.2856996
 -0.4839064  -0.0061501  -0.13744295  0.07834792 -0.05611813 -0.15107545
 -0.02870078 -0.15321165  0.1893543  -0.13543367  0.04642725 -0.16132449
 -0.19668421  0.00519836 -0.04010777 -0.16427088 -0.2718836   0.07563746
 -0.08153296 -0.04945004 -0.02103049 -0.22777586 -0.04277742 -0.26653123
 -0.12322512  0.20356351 -0.14461356  0.04915857 -0.436001   -0.01311243
 -0.19192421  0.07036838 -0.10331345  0.          0.08661598 -0.05470347
  0.07580051 -0.06871232 -0.10095379  0.03995056  0.11318338  0.09589195
  0.07155085  0.05098426  0.09863702  0.0330112   0.01821795 -0.1699351
  0.04175112 -0.00346136 -0.09240007 -0.10725581  0.147493   -0.19878271
  0.          0.01261234 -0.26195174 -0.0891456  -0.05204511 -0.14190641
 -0.02457309  0.03403771  0.         -0.21439165  0.03016865  0.1426552
  0.03106332 -0.02983958  0.07186884 -0.13696349  0.01051223  0.04612315
  0.10112223 -0.02404886  0.14736426  0.06282055 -0.3432975  -0.02673516
 -0.03705272  0.05257887  0.0681811   0.08978057 -0.00780226  0.06189179
  0.04521602  0.0070655  -0.10707563  0.2619331  -0.08982384 -0.00942715
  0.18526256 -0.21740699]"
81.50916290283203,0.9629629629629629,0.18472313416502517,"[-0.21573448  0.00303006 -0.09100634 -0.03932565  0.07947314  0.03552306
 -0.11940002 -0.36453724 -0.00108182 -0.05567744 -0.03732324 -0.26351056
  0.11388195 -0.09361947 -0.1043793  -0.02404642 -0.04895902 -0.01854026
 -0.03117836  0.11537635 -0.02243447 -0.32275784  0.3806262   0.1367774
 -0.48499405 -0.01656653  0.05215174  0.0286755   0.0508064   0.18807805
 -0.0460037  -0.14812666  0.2459116  -0.02183568  0.04549986 -0.08564888
 -0.2094608  -0.23850834 -0.04994664 -0.22109339 -0.27403867  0.07668734
 -0.20142359 -0.06561643  0.06231639 -0.2006869  -0.07327098 -0.30862236
  0.00871494  0.07015598 -0.1614852   0.1935966  -0.48681533  0.0597102
 -0.22923362  0.0459014  -0.06615961  0.          0.22959596 -0.151672
  0.16492712 -0.10587853 -0.02063105 -0.00632364  0.06817698  0.00181228
 -0.03881216  0.08462751  0.0331549   0.00224507  0.00519559 -0.2791915
  0.09165466 -0.01264161  0.27713084 -0.1380459   0.00450778 -0.21886133
  0.         -0.00712383 -0.44064754 -0.1098876  -0.07498884 -0.3590356
 -0.13846624  0.02286111  0.         -0.19523907 -0.10304004  0.13519877
  0.03187442 -0.07837284 -0.06225657 -0.38271123 -0.02928603 -0.03889447
  0.09686285 -0.03654867  0.1053341  -0.0412038  -0.25712538  0.01024196
 -0.03979528  0.09315586 -0.2200585  -0.00746483 -0.02003333 -0.04213244
 -0.06054342 -0.00418791  0.06588686  0.21031624  0.12248313  0.00238603
  0.09086436  0.04757988]"
81.48595428466797,0.9814814814814815,0.1862551980739768,"[-2.63138652e-01  1.89910293e-01 -6.96207583e-02  7.35855103e-03
  1.76138282e-02 -1.52431726e-02 -9.77966785e-02 -2.87548840e-01
  1.36832595e-01  1.52238876e-01  9.17742252e-02 -2.15625823e-01
  8.31729770e-02 -6.08009696e-02 -3.07400227e-02 -3.02882165e-01
 -1.03204489e-01 -1.32469237e-01 -4.59523872e-02  1.48729235e-02
 -5.09310365e-02 -2.09358454e-01  3.99068236e-01  3.06595445e-01
 -3.90264153e-01 -3.83441150e-02  1.32746339e-01  1.11592591e-01
  1.53870046e-01  3.47395778e-01 -8.28677714e-02 -9.04694200e-02
  1.28221750e-01  6.87782168e-02 -1.63466513e-01 -3.96810919e-02
 -1.52324870e-01 -2.84923434e-01 -5.30556291e-02 -2.48195231e-01
 -1.67505085e-01  1.27286434e-01 -1.94953680e-01 -9.44115818e-02
  1.41367882e-01 -1.10353678e-01  9.30114985e-02 -2.33870506e-01
 -7.71415830e-02  4.15091634e-01 -1.52817845e-01  2.12019801e-01
 -4.29392278e-01 -4.20861840e-02  1.05934143e-02  1.91152245e-02
 -5.28074503e-02  0.00000000e+00  2.27914751e-01 -7.37607479e-02
 -7.40682781e-02 -7.58285522e-02  3.85655761e-02  2.68762112e-02
  5.88073134e-02  8.12911987e-03 -4.46604490e-02 -3.46443057e-02
 -7.61114061e-03 -5.17822504e-02 -2.96539664e-02 -1.98630333e-01
  2.31945097e-01  2.05973983e-02  4.00890827e-01 -1.34167507e-01
 -8.46440792e-02 -1.95231974e-01  0.00000000e+00 -2.66110897e-02
 -3.60480517e-01  1.13381445e-01 -9.51101780e-02 -3.07291687e-01
 -1.39918387e-01  2.93349847e-04  0.00000000e+00 -4.56490517e-02
 -1.74123257e-01  2.88602710e-02  8.32548738e-02 -3.35157514e-02
 -1.36667788e-01 -4.41203117e-01  4.41319942e-02 -3.51620913e-02
  1.20731652e-01 -6.06561899e-02  8.30402970e-02 -5.09753227e-02
 -4.18528616e-02 -4.26486731e-02 -4.83921468e-02  1.05932355e-02
 -1.58563763e-01 -2.03740001e-02 -4.87953573e-02 -5.21435738e-02
 -7.02076554e-02 -2.74423659e-02  1.17317498e-01  1.22071505e-01
  1.31032109e-01 -1.08246177e-01  6.18665218e-02  1.39941812e-01]"
81.4857406616211,0.9629629629629629,0.1862551980739768,"[-0.31062937  0.11499274 -0.06104153  0.1042124  -0.00756076 -0.06850201
 -0.04829359 -0.27340278  0.11144662  0.19171876  0.15882003 -0.09639874
  0.02863395  0.00937375  0.00609431 -0.5027064  -0.21075058 -0.27767837
 -0.0622531   0.08903796 -0.14865291 -0.08552825  0.2241571   0.1843524
 -0.21631193 -0.06520595  0.00451994  0.2581722   0.20931172  0.2569675
 -0.11705972  0.02156812 -0.02070892  0.12051392 -0.3829257  -0.10948616
 -0.05274361 -0.11520785 -0.05804829 -0.22794175 -0.14290667  0.14226246
 -0.06565857 -0.12674993  0.167934   -0.05595961  0.16629463 -0.11328411
 -0.26802236  0.5351396  -0.1488393   0.04475284 -0.34322536 -0.14133501
  0.21042001 -0.01159838 -0.07035458  0.          0.01207292  0.08825207
 -0.13620356 -0.04884809  0.06320444  0.05073822  0.01430964 -0.00902647
  0.01082504 -0.14317673 -0.05287094 -0.08955246 -0.06114745 -0.03274822
  0.2780856   0.07965624  0.21709669 -0.12281652  0.05029607 -0.16245571
  0.         -0.05305982 -0.13785222  0.21629572 -0.10666054 -0.06693311
 -0.02251494 -0.02748343  0.         -0.01016164 -0.12335515 -0.10559207
  0.18039155  0.05991036 -0.08053052 -0.28143114  0.08721858  0.02616477
  0.17093962 -0.07127213  0.12063968  0.05070692 -0.03847873 -0.08039257
 -0.05597767  0.0706816   0.18168497  0.0725528  -0.08121178  0.04932654
  0.03379327 -0.05053553 -0.01661897  0.02880025 -0.00825977 -0.17978469
  0.10359937  0.06241751]"
81.48526000976562,1.0,0.18406653534690304,"[-0.29159606 -0.05911851 -0.02313146  0.16127884 -0.01947814  0.03382367
 -0.06065297 -0.2043407  -0.02141166  0.09221232  0.11569691  0.02771994
 -0.02107143  0.05146629  0.04476142 -0.5860314  -0.30793667 -0.29043907
 -0.07457896  0.19834337 -0.2136321  -0.06541836 -0.00570899 -0.05252886
 -0.07876861 -0.07649145 -0.189013    0.3701787   0.19983888  0.06919616
 -0.12730691  0.09310192 -0.08189309  0.13232976 -0.4543134  -0.15168008
  0.02299196  0.06687963 -0.0628297  -0.18243676  0.05891865  0.08965445
  0.02833498 -0.13883793  0.15328342  0.16983072  0.08483815 -0.01680374
 -0.39678347  0.27950317 -0.13186258 -0.14126539 -0.27408588 -0.19669491
  0.22275913 -0.03068373 -0.13809311  0.         -0.25909984  0.17473507
  0.05531532 -0.00558054  0.07585436  0.0147026   0.02603048 -0.0393393
  0.041785   -0.1435588  -0.04855701 -0.0887475  -0.06773823  0.05151689
  0.21659535  0.09322536 -0.10793912 -0.09528203  0.21023971 -0.15186086
  0.         -0.0558275   0.0192197   0.11112779 -0.09123313  0.10656948
  0.06490898 -0.04081744  0.         -0.09271753 -0.04612046 -0.19972903
  0.23483306  0.11073625  0.00628275 -0.09929323  0.10452396  0.09117216
  0.17456183 -0.0543862   0.15248543  0.12894326 -0.1492691  -0.04818591
 -0.05535752  0.11633196  0.4274823   0.14636767 -0.09621382  0.12750453
  0.11370969 -0.07202998 -0.18443593 -0.0227797  -0.16966927 -0.1975962
  0.1682002  -0.05068088]"
81.47171020507812,1.0,0.1862551980739768,"[-0.20574343 -0.08669508  0.00778091  0.07837147 -0.03843683  0.21548855
 -0.11782777 -0.06310099 -0.12954247 -0.0029645   0.01818335  0.01920098
 -0.07752478 -0.01609167  0.07207507 -0.4435067  -0.28152323 -0.11850172
 -0.06947605  0.17039567 -0.16583234 -0.0652144  -0.0939256  -0.17225432
 -0.12178123 -0.06809313 -0.24871528  0.31368303  0.14133722  0.02347031
 -0.11868986  0.0166862   0.02930212  0.08872306 -0.24533552 -0.12237175
  0.0223453   0.07064766 -0.06319961 -0.20207548  0.18553257  0.01467323
 -0.04015625 -0.12974802  0.0923335   0.26338914 -0.06598169  0.02526259
 -0.399091   -0.08877558 -0.11915684 -0.15442789 -0.24033362 -0.05911201
  0.17405021 -0.0297005  -0.23698163  0.         -0.37364167  0.11417937
  0.11742094  0.00539267  0.04457495 -0.10463364  0.09749275 -0.0824005
 -0.00529611  0.02684116 -0.01367705 -0.06915015 -0.05877027 -0.01762867
  0.05351382  0.00639963 -0.2686653  -0.06033977  0.16126406 -0.21143603
  0.         -0.08864248 -0.05892584 -0.04035556 -0.07363045  0.01347147
  0.00062716 -0.03332325  0.         -0.18757993 -0.04630721 -0.22618723
  0.15413505  0.01811486  0.01399219 -0.08193374  0.07623506  0.12867028
  0.03179419 -0.02744478  0.12489241  0.07147872 -0.20884252  0.06656122
 -0.04947378  0.18294561  0.30013454  0.09551746 -0.08903096  0.07021672
  0.05499631 -0.09697604 -0.18547839 -0.02657199 -0.12534535 -0.20361468
  0.137864   -0.12320471]"
81.47080993652344,0.9814814814814815,0.1853797329831473,"[-0.09563434  0.046363   -0.00758335 -0.06979752 -0.07414991  0.38379937
 -0.212654    0.13494855 -0.12271357 -0.01767689 -0.05779779 -0.06908661
 -0.15838063 -0.12800556  0.09388548 -0.21652377 -0.09111476  0.13305873
 -0.05733198  0.01979233 -0.03999567 -0.09486246 -0.01048738 -0.08106589
 -0.26559585 -0.05511066 -0.15132713  0.15368831  0.03854775  0.10290194
 -0.10789397 -0.13443667  0.17881048 -0.01070476  0.05076355  0.04171201
 -0.00958064 -0.07438052 -0.06177272 -0.27121544  0.28005785 -0.0276854
 -0.22453445 -0.11536326 -0.02098149  0.01723933 -0.17722982  0.04502916
 -0.23497277 -0.4512702  -0.13448346  0.00151944 -0.22335577  0.1060552
  0.12211847 -0.0225824  -0.32400262  0.         -0.25313777 -0.0280844
 -0.13398084 -0.02778518 -0.0463151  -0.23721781  0.15909219 -0.15747577
 -0.07201433  0.20617253 -0.00518131 -0.06932974 -0.05269882 -0.16316104
 -0.1445635  -0.1173268  -0.21282625 -0.05896709 -0.07029074 -0.2876068
  0.         -0.17215955 -0.26837122 -0.16247481 -0.08111179 -0.25908342
 -0.17499143 -0.02180272  0.         -0.1977005  -0.11916709 -0.20262891
  0.00960797 -0.1238535  -0.06189859 -0.20474905 -0.03605723  0.10312092
 -0.14713928 -0.01730341  0.04109496 -0.08844513 -0.10432953  0.17417195
 -0.04040244  0.14034384 -0.09732825 -0.0506078  -0.07797098 -0.08946013
 -0.10847086 -0.12066031 -0.02283573 -0.02073061  0.06557202 -0.24029541
  0.03910542 -0.06146336]"
81.47450256347656,1.0,0.1853797329831473,"[ 0.01060247  0.08331418  0.00351006 -0.15137488 -0.10267471  0.41731507
 -0.24964535  0.1502003  -0.11044073  0.0290578  -0.17696404 -0.16005471
 -0.2265827  -0.17845389  0.20539004 -0.03762355  0.11349201  0.22373402
 -0.05134316 -0.04870827  0.06653178 -0.14191353  0.08138257 -0.06419802
 -0.33944476 -0.04460416 -0.04143584  0.06737328 -0.06728268  0.00586012
 -0.09639946 -0.21154243  0.07817662 -0.08605319  0.07068962  0.13832611
 -0.04052746 -0.09784478 -0.06063386 -0.32575577  0.1943104  -0.02755332
 -0.2895581  -0.10193965 -0.12278187 -0.15695342 -0.19936287  0.11540079
 -0.11085838 -0.5669513  -0.13970262  0.08328545 -0.16388172 -0.01084524
  0.05380332 -0.02319345 -0.2965486   0.         -0.09460294 -0.10324383
 -0.29331192 -0.05120078 -0.10502583 -0.23906887  0.17995918 -0.17395955
 -0.06693792  0.13812369  0.00086695 -0.06140649 -0.04455927 -0.20984459
 -0.19951093 -0.16435009 -0.21457195 -0.04098421 -0.17917913 -0.29957822
  0.         -0.24758565 -0.3139902  -0.14581352 -0.07961148 -0.3344428
 -0.2402541  -0.01007488  0.         -0.14224565 -0.13635606 -0.14693594
 -0.06427568 -0.17946845 -0.07994074 -0.22501153 -0.12803698  0.06504154
 -0.20628351  0.01161569 -0.00774032 -0.15159035  0.02492428  0.11717483
 -0.0316076   0.10126585 -0.23615271 -0.1094346  -0.06602717 -0.15257758
 -0.17290121 -0.14090839  0.0487448   0.00213432  0.18231785 -0.27763966
 -0.04524028 -0.14766192]"
81.46536254882812,1.0,0.18581746552856204,"[-1.19400024e-03 -7.19445944e-03  4.20174599e-02 -1.22998297e-01
 -1.26631483e-01  2.64883995e-01 -2.20973730e-01 -2.25254893e-02
 -1.52708530e-01  8.07331800e-02 -3.23770881e-01 -1.65450096e-01
 -2.56396532e-01 -1.41885519e-01  1.98490560e-01  7.40339160e-02
  2.02021360e-01  8.96475315e-02 -4.97752912e-02  1.75444931e-02
  5.97693324e-02 -1.99812651e-01  4.70803380e-02 -1.55474544e-01
 -2.85593808e-01 -3.41179222e-02 -4.71924543e-02  9.57019925e-02
 -1.58496618e-01 -1.97612256e-01 -8.08970034e-02 -1.79493546e-01
 -2.57166147e-01 -1.07008338e-01 -1.65612400e-01  5.19660264e-02
 -3.48109603e-02  3.81917357e-02 -5.87226003e-02 -3.10377896e-01
 -2.07269192e-02 -3.26728821e-02 -1.85846865e-01 -8.71822834e-02
 -1.72115684e-01 -5.84635139e-03 -1.31410062e-01  1.78533316e-01
 -1.08002186e-01 -3.74207944e-01 -1.29864216e-01  1.72138214e-02
 -8.75951648e-02 -3.22487772e-01 -4.00974751e-02 -2.87769437e-02
 -1.39010549e-01  0.00000000e+00  4.59287763e-02 -6.51773214e-02
 -1.05404824e-01 -6.00513220e-02 -1.02966636e-01 -1.43030256e-01
  1.55647993e-01 -1.29993796e-01 -6.16767406e-02 -1.07738018e-01
  1.49211884e-02 -3.76980305e-02 -3.14422101e-02 -1.61942482e-01
 -2.24959612e-01 -1.23629510e-01 -3.18563461e-01 -1.29303858e-02
 -9.28207934e-02 -2.46363804e-01  0.00000000e+00 -2.86545753e-01
 -1.63339972e-01 -2.23513842e-02 -6.14966154e-02 -1.60282806e-01
 -1.44646287e-01 -2.94324011e-04  0.00000000e+00 -4.00509834e-02
 -8.02644491e-02 -1.17963016e-01 -3.39969993e-02 -1.38945878e-01
 -1.51345730e-02 -9.08257961e-02 -1.47189140e-01  4.60105538e-02
 -1.39489979e-01  6.09982610e-02  2.27748752e-02 -6.95967078e-02
  1.29346371e-01 -4.50850725e-02 -2.32613683e-02  1.22760355e-01
 -2.68626809e-02 -3.52109671e-02 -5.13230041e-02 -7.07327127e-02
 -8.88159871e-02 -1.70953721e-01 -3.65637690e-02  8.23140144e-03
  1.68745041e-01 -3.01257730e-01 -4.74470854e-02 -3.49688172e-01]"
81.46783447265625,0.9814814814814815,0.18647406434668418,"[-0.08170748 -0.05072659  0.06343198 -0.01662922 -0.16090505  0.0566622
 -0.13690436 -0.19003862 -0.20225859  0.05827439 -0.40747452 -0.09844694
 -0.2417168  -0.03881502  0.08355397  0.05047899  0.10887122 -0.09890068
 -0.04945081  0.08745626  0.02546507 -0.17300057 -0.05376327 -0.15262938
 -0.13461101 -0.02281963 -0.09964347  0.20978057 -0.22629482 -0.33289295
 -0.06459796 -0.07218194 -0.45986736 -0.06731153 -0.33022624 -0.0632402
  0.0215739   0.14693189 -0.05419821 -0.23951745 -0.21254635 -0.09784448
 -0.07506526 -0.07108829 -0.15289262  0.17931426 -0.1265747   0.21498942
 -0.11399114 -0.08874801 -0.11566204 -0.11010635 -0.01135772 -0.50422525
 -0.08307338 -0.03555074  0.05458558  0.          0.04397488 -0.05262458
  0.08856198 -0.07368785 -0.04686677  0.00575753  0.06928152 -0.07898432
 -0.06167817 -0.2894824   0.01841192 -0.01812404 -0.01632725 -0.14731646
 -0.21715581 -0.02613741 -0.32069683 -0.00225881  0.0154964  -0.14649138
  0.         -0.29319286 -0.00502183  0.12794453 -0.04191315  0.01734817
 -0.04220444  0.01053195  0.         -0.02187097 -0.03639275 -0.12117815
  0.071266   -0.09417808  0.03765619  0.01700807 -0.15427035  0.03322154
 -0.01460811  0.10326868  0.0595057   0.01929057  0.11502963 -0.1608395
 -0.01499131  0.07364571  0.19448179  0.04524332 -0.03467856  0.01798326
  0.00241429 -0.20987183 -0.17183107 -0.01604402  0.11799818 -0.35421756
  0.01302147 -0.467947  ]"
81.46011352539062,1.0,0.18647406434668418,"[-1.14979744e-01  7.55028725e-02  2.60038972e-02  2.52991319e-02
 -1.97098076e-01 -4.06914949e-02 -3.34522724e-02 -1.72224462e-01
 -1.74266338e-01  3.11315060e-03 -3.45792413e-01 -6.20156825e-02
 -1.92212522e-01  1.81072354e-02 -3.12880874e-02 -4.12614942e-02
 -4.18667793e-02 -7.17315078e-02 -4.99543250e-02 -1.00677617e-01
  5.80503941e-02 -5.08929491e-02 -9.38287377e-02  8.87302160e-02
 -6.92314506e-02 -1.00330170e-02 -8.99453759e-02  2.43135214e-01
 -2.64459968e-01 -2.85802215e-01 -5.26057035e-02 -3.83504033e-02
 -2.81991124e-01  7.83628225e-03 -1.76371455e-01 -4.06864136e-02
  8.05004537e-02 -4.63625193e-02 -4.65552285e-02 -2.12975204e-01
 -2.21956521e-01 -1.31103992e-01 -1.48604989e-01 -5.54575697e-02
 -7.05567896e-02  4.49139774e-02 -1.20357931e-01  2.04411983e-01
  6.61069155e-03  6.45491481e-03 -1.02349222e-01 -1.27395391e-01
  4.48546410e-02 -3.29968095e-01 -3.67612839e-02 -4.18530777e-02
  1.32240653e-01  0.00000000e+00  3.15722227e-02 -8.33785534e-03
 -5.42171597e-02 -1.08126462e-01  4.57561612e-02  9.64687318e-02
 -2.63385177e-02 -7.92659521e-02 -1.10512018e-01 -2.32327580e-01
 -8.10137391e-03 -1.42513514e-02 -3.22487950e-03 -1.22730136e-01
 -1.75158411e-01  2.04133391e-02 -7.07068443e-02 -1.92391276e-02
 -2.09915876e-01 -7.22751617e-02  0.00000000e+00 -2.78047204e-01
  1.11311674e-05  1.65601134e-01 -2.59646177e-02 -6.10222965e-02
 -1.23417795e-01  2.50176340e-02  0.00000000e+00 -4.60991859e-02
 -1.80807322e-01 -1.29171193e-01  1.09794736e-01 -5.28277755e-02
 -1.10253811e-01 -1.82886004e-01 -1.57810628e-01 -1.69194937e-02
  6.36241436e-02  1.36257529e-01 -5.27877212e-02 -6.90698028e-02
  8.25679004e-02 -1.20654613e-01 -7.23056495e-03 -8.77408385e-02
 -7.57575035e-03 -4.58735824e-02 -1.65104419e-02 -7.08287954e-02
 -8.74216557e-02 -2.48050332e-01 -1.77999601e-01 -5.42974472e-02
  1.17271543e-01 -4.28510964e-01  3.09212804e-02 -3.48032117e-01]"
81.45991516113281,1.0,0.18581746552856204,"[-0.11874545  0.19709778 -0.06987754 -0.05820912 -0.16107143 -0.04730725
  0.05242646 -0.10687137 -0.10186934 -0.07516599 -0.21444881 -0.10905546
 -0.15249804 -0.03128642 -0.1435659  -0.05788678 -0.15489912  0.12209213
 -0.05679839 -0.1424443   0.10365951  0.08255625 -0.08777493  0.28845596
 -0.16265732 -0.01959294 -0.04788017  0.12753743 -0.22383362 -0.18502688
 -0.06848091 -0.13192308 -0.03033197  0.03606719  0.15017551 -0.02509163
  0.07852373 -0.13418096 -0.04084654 -0.2535438  -0.16804925 -0.16179729
 -0.18509638 -0.06460854 -0.01043612 -0.21128654 -0.16317898  0.13089132
  0.10492027 -0.06664902 -0.11490786 -0.07352936  0.04960209  0.02575552
  0.03996348 -0.05785023  0.08470011  0.          0.03103292  0.02610266
 -0.3192671  -0.15924138  0.11074996  0.06586164 -0.02470446 -0.1386314
 -0.21644163 -0.01628441 -0.06997684 -0.04189366 -0.01534772 -0.09039497
 -0.08381715 -0.04192489  0.15820181 -0.06913458 -0.25572798 -0.08399973
  0.         -0.27287006 -0.03548586  0.05762082 -0.0383445  -0.12875381
 -0.16451406  0.01770079  0.         -0.08521366 -0.24142516 -0.08970511
  0.02208257 -0.03963208 -0.17243531 -0.27413547 -0.14265496 -0.11615843
  0.02141708  0.13225448 -0.11660987 -0.11621839  0.04315481  0.01010811
 -0.00352238 -0.19407487 -0.15185705 -0.09447908 -0.0208507  -0.11809617
 -0.13481861 -0.28309497 -0.09746362 -0.06792223  0.10402143 -0.4259831
 -0.02498138 -0.19832051]"
81.45538330078125,1.0,0.1860363318012694,"[-0.16712451  0.09350336 -0.11661795 -0.15507603 -0.05114004 -0.1213789
  0.09555769 -0.16568106 -0.08205795 -0.17622942 -0.14550042 -0.13352689
 -0.11605203 -0.10411841 -0.23218459  0.06621844 -0.22096014  0.12518305
 -0.06674167  0.02999904  0.05818617  0.1299926  -0.14018023  0.16681623
 -0.2595079  -0.04291094 -0.07014662  0.01323473 -0.08826417 -0.20984867
 -0.09720096 -0.23505664  0.07110918  0.02464652  0.2599217  -0.16974083
  0.03720495 -0.00761324 -0.03632876 -0.25882316 -0.15325928 -0.15551233
 -0.0954718  -0.08812137  0.02254981 -0.01791722 -0.22352225  0.04653692
  0.05556723 -0.02709785 -0.11274433 -0.09475183  0.02572536  0.1822213
  0.04229605 -0.08010244  0.06239605  0.         -0.02035612  0.10942292
 -0.12059388 -0.15215462  0.16448236 -0.01286617  0.12774408 -0.15320474
 -0.2890334   0.06120563 -0.09411773 -0.04496866 -0.03856251  0.00847232
  0.0464229  -0.13120085  0.0667212  -0.08641545 -0.01858845 -0.12880886
  0.         -0.23541999 -0.00332168 -0.07843763 -0.03734887 -0.04796335
 -0.08061618 -0.00349392  0.         -0.12486255 -0.15740818 -0.05516738
 -0.08068508  0.0134111  -0.08626416 -0.15076697 -0.07902473 -0.17282641
 -0.05066779  0.12826991 -0.08024776 -0.0372436  -0.05459151  0.05797127
 -0.00443612 -0.04912746 -0.0502637  -0.01764375 -0.03811827 -0.03891754
 -0.05490768 -0.2990094  -0.10268664 -0.08249462 -0.04091984 -0.29391396
 -0.04284286 -0.18402958]"
81.45497131347656,0.9814814814814815,0.1862551980739768,"[-0.20223331 -0.06412935 -0.08183375 -0.14187467  0.06017935 -0.27349365
  0.04976034 -0.2212205  -0.05905402 -0.2123769  -0.11191487 -0.05142704
 -0.11767662 -0.09485543 -0.2510401   0.10887003 -0.20261836 -0.04024625
 -0.07962841  0.18533446  0.02333784  0.12797809 -0.18779087 -0.07873487
 -0.19811565 -0.07600807 -0.09530216  0.04894567 -0.0095253  -0.213198
 -0.12850508 -0.21951193 -0.01851845 -0.05601043  0.1053943  -0.30925685
  0.01668502  0.10962242 -0.03581001 -0.14898038 -0.12414145 -0.12915635
 -0.01223642 -0.12048429 -0.03080694  0.16606778 -0.21775138 -0.03000522
  0.00033361  0.00098816 -0.1070025  -0.1531452  -0.02628469  0.09078765
 -0.00382149 -0.10635078  0.05543458  0.         -0.05825305  0.1414504
  0.06111565 -0.10495877  0.14186096 -0.05093047  0.21319067 -0.09704131
 -0.32360888 -0.05734187 -0.05389941 -0.02467549 -0.06562817  0.07111144
  0.09860635 -0.1443724  -0.17333198 -0.05662113  0.20344508 -0.12747982
  0.         -0.20424283  0.00826401 -0.20783246 -0.03108174  0.00517271
 -0.00112742 -0.03612967  0.         -0.09549785 -0.0704495  -0.02564079
 -0.07520491  0.09263653  0.01059455 -0.03977942 -0.00421661 -0.14325672
 -0.07298917  0.12098026 -0.0343948   0.03547728 -0.10351017 -0.00538772
 -0.00756814  0.04998565  0.01379207  0.04962772 -0.06387031  0.03389961
  0.01989824 -0.29536524 -0.14870612 -0.0889011  -0.1619227  -0.18406886
  0.05574942 -0.18054736]"
81.47029113769531,0.9444444444444444,0.1851608667104399,"[-0.2501917  -0.01913434 -0.03791893 -0.07564515  0.19366533 -0.43619156
 -0.03575683 -0.06775957  0.03847837 -0.14445245 -0.03798318  0.05164167
 -0.1526202  -0.0306927  -0.53170574 -0.06199998 -0.10778522 -0.18316525
 -0.09170926  0.14994606  0.07193279  0.13300896 -0.11838084 -0.12432981
 -0.07001573 -0.10475564 -0.00918329  0.14647764 -0.05275649 -0.00385997
 -0.15226135 -0.14437085 -0.11966169 -0.15732062 -0.06554973 -0.16568625
  0.0214269  -0.01566839 -0.03715552 -0.02187073  0.02909231 -0.14608961
 -0.11969614 -0.14835626 -0.14308013 -0.06840509 -0.22209483  0.00864339
  0.09165597 -0.10877973 -0.11502802 -0.13226008 -0.06025815 -0.02106708
 -0.02316582 -0.13066927  0.0128684   0.         -0.00916851 -0.09144223
 -0.2013148  -0.0763039   0.05413321 -0.0609735   0.10424113 -0.04193944
 -0.14406896 -0.19499904 -0.00917229 -0.01841861 -0.0935172  -0.12591684
  0.03721446 -0.10957468 -0.20457232 -0.02183166  0.20595598 -0.08598219
  0.         -0.21169996 -0.27720034 -0.26661426 -0.0379082  -0.23038876
 -0.09784794 -0.06703382  0.          0.02187157 -0.04447088  0.00823891
 -0.01343101  0.01891559  0.0375039  -0.17901754  0.01720655 -0.09096622
 -0.1468713   0.10515213  0.02318013 -0.04202265 -0.06939785 -0.08796304
 -0.00974984 -0.10350686 -0.236853   -0.0040884  -0.08826204 -0.04251361
 -0.05876344 -0.24990201 -0.09853598 -0.11166984 -0.1210866  -0.21094853
  0.16776061 -0.04982197]"
81.47075653076172,0.9814814814814815,0.18559859925585467,"[-0.19538927  0.01867926 -0.01583791 -0.07214832  0.19556475 -0.40046394
 -0.13087392  0.03176874  0.05304372 -0.09207833 -0.03687525  0.05077571
 -0.15975529 -0.01068398 -0.43068868 -0.2464962  -0.00362468 -0.21736574
 -0.09571605 -0.0476028   0.09796512  0.0494616  -0.03386605 -0.17931163
 -0.06674802 -0.11644201  0.07746577  0.1127457  -0.09085411  0.11738068
 -0.16687043 -0.14122546 -0.13201964 -0.22721457 -0.11204964 -0.07048981
 -0.01423153 -0.18125933 -0.0383398  -0.02187353  0.06417739 -0.09501135
 -0.16039044 -0.15921164 -0.21897523 -0.13043481 -0.14396507  0.00505877
  0.15851721 -0.17974058 -0.10619503 -0.08041978 -0.10703307 -0.03298908
 -0.04875994 -0.14057688 -0.02040195  0.          0.03267795 -0.21767628
 -0.25302565 -0.06019104  0.00760281 -0.04901785 -0.0009343  -0.00300497
 -0.03198838 -0.22624052 -0.00303063 -0.00949717 -0.11187556 -0.26604795
 -0.05025131 -0.1048978  -0.17722428 -0.00356133  0.01253653 -0.06199618
  0.         -0.18845117 -0.33699045 -0.25908142 -0.03075314 -0.30151308
 -0.144176   -0.0806049   0.          0.10588396 -0.11573952  0.0051021
 -0.01444745 -0.07136756 -0.04465148 -0.35919058  0.04483831 -0.07955939
 -0.16285884  0.09717822  0.00136554 -0.09834909 -0.05868843 -0.11035311
 -0.00910851 -0.2146666  -0.29888818 -0.05867827 -0.09974822 -0.09868777
 -0.11400235 -0.20440087 -0.0141416  -0.1181314  -0.17274356 -0.24872053
  0.15614003  0.0863362 ]"
81.45307159423828,1.0,0.1851608667104399,"[ 0.05489159 -0.05752373 -0.07416376 -0.10636294  0.02046216 -0.16639495
 -0.20386112 -0.04807258 -0.00601244 -0.10271567 -0.18066108 -0.06271908
 -0.13443989 -0.03824291  0.20622635 -0.27174407  0.05598783 -0.16353899
 -0.0921807  -0.22892523  0.11857295 -0.18269849 -0.05085367 -0.299174
 -0.16835183 -0.11097959  0.06805974 -0.03033853 -0.07318926  0.04431918
 -0.177453   -0.18898794 -0.09506655 -0.24224687 -0.07172233 -0.14625798
 -0.10508165 -0.15741706 -0.03703386 -0.14387196 -0.05556399  0.05067581
  0.00293821 -0.15356174 -0.23166934  0.11327326  0.06595212 -0.04136014
  0.04046461 -0.10557556 -0.11877853 -0.06566536 -0.15440881  0.03125948
 -0.20529914 -0.14256394 -0.02757227  0.         -0.01052016  0.04968166
  0.02314818 -0.0919534  -0.00102007 -0.05664796 -0.00615054 -0.04125828
 -0.0345161  -0.17184776 -0.06344992 -0.03938764 -0.12241189 -0.04831254
 -0.09353039 -0.11780477 -0.1965276  -0.03601421 -0.23165685 -0.06667114
  0.         -0.1721493   0.06232606 -0.22412592 -0.04626757 -0.00590324
 -0.00526822 -0.07653242  0.          0.13352859 -0.23935097 -0.05192983
 -0.05668777 -0.01635855 -0.16838264 -0.33569497  0.06194049 -0.15621799
 -0.07374308  0.07263231 -0.08544344  0.00858748 -0.04809502 -0.08948478
 -0.00712343 -0.14363879  0.00814313  0.01724827 -0.10020062  0.00683713
 -0.00585866 -0.1742582   0.0237124  -0.1315093  -0.28799355 -0.20948537
  0.01610994  0.05648071]"
81.46565246582031,0.9814814814814815,0.1853797329831473,"[ 0.13544726 -0.1237421  -0.07967642 -0.11669779 -0.13093022 -0.02103478
 -0.1809355  -0.07232261 -0.08341324 -0.18807817 -0.24828827 -0.1564498
 -0.05224848 -0.04748702  0.29621136 -0.1796844  -0.03000855 -0.1406039
 -0.07381634 -0.20696877  0.04003882 -0.27641225 -0.12671441 -0.3213477
 -0.21979761 -0.06843024  0.01276869 -0.11586756  0.01406544 -0.10116652
 -0.14987092 -0.20072207 -0.08282733 -0.1453774  -0.028299   -0.14745408
 -0.16883439 -0.04006648 -0.03165406 -0.2065385  -0.15362096  0.07767862
  0.06914335 -0.10877458 -0.14457989  0.11741924  0.03790271 -0.03994656
 -0.13942438 -0.0858897  -0.11114138 -0.11448884 -0.15846133  0.09455711
 -0.26833284 -0.12340897 -0.03930485  0.         -0.14207953  0.13966799
  0.02496982 -0.11312956  0.07188702 -0.07029399  0.06924665 -0.07026368
 -0.01306725 -0.11058712 -0.09122053 -0.05009943 -0.09567867  0.05519617
 -0.06996137 -0.11518854 -0.13994956 -0.04674684 -0.22114807 -0.0631368
  0.         -0.13182998  0.25732216 -0.16022617 -0.0395093   0.140529
  0.04540449 -0.03350144  0.          0.00913262 -0.24171272 -0.09116477
 -0.06832576 -0.0051643  -0.17283264 -0.21234691  0.08109605 -0.17447084
 -0.03889486  0.07969266 -0.17987657  0.03684741 -0.17038785 -0.07594815
  0.00050411 -0.03535414  0.15602106  0.02471471 -0.06253655  0.03401798
  0.02333802 -0.14706245 -0.00094932 -0.13057446 -0.40289307 -0.10492937
 -0.07736772 -0.06572002]"
81.4731674194336,0.9629629629629629,0.1853797329831473,"[ 0.0987941  -0.04973686 -0.05579364 -0.06957906 -0.08722916  0.03043312
 -0.13561869  0.11252338 -0.01746452 -0.21599579 -0.04038739 -0.16982217
  0.01636493 -0.00450602  0.2978947  -0.03432751 -0.14002895 -0.13477576
 -0.04648425 -0.13743512  0.02847856 -0.10855544 -0.17697567 -0.16475224
 -0.16503876 -0.02556222  0.00365537 -0.08659071  0.08205962  0.01661155
 -0.12212138 -0.14095405 -0.07916665 -0.06700051 -0.01893085  0.09174533
 -0.15190089  0.04221302 -0.0208296  -0.16577214 -0.06984133  0.02247411
 -0.00825876 -0.06409734 -0.04806799 -0.15127504 -0.07067651 -0.05354142
 -0.1831688  -0.12592891 -0.11983186 -0.13185406 -0.15894628  0.11050361
 -0.08943427 -0.10054716 -0.04531109  0.         -0.23020619  0.017349
 -0.28225482 -0.11429811  0.11848915 -0.09817746  0.14170974 -0.07658976
 -0.06651878 -0.09012401 -0.08406335 -0.05204052 -0.07014018 -0.05465102
 -0.05592328 -0.0787915   0.02126181 -0.05637954 -0.15878096 -0.03636324
  0.         -0.1114943   0.22486976 -0.01312709 -0.04465622  0.0533854
 -0.02713573  0.01178776  0.         -0.12261665 -0.20437819 -0.06022501
 -0.020015   -0.05051684 -0.1362352  -0.12825954  0.09673136 -0.14326835
 -0.06835589  0.08156949 -0.28609645 -0.04230917 -0.2144753  -0.07843709
  0.0038576   0.02950442  0.01859996 -0.06013298 -0.0245897  -0.04558498
 -0.05614275 -0.12995595 -0.00335315 -0.07425696 -0.30476326 -0.00085384
 -0.07294363 -0.04341358]"
81.45201110839844,1.0,0.1862551980739768,"[-2.88152695e-02 -1.22668743e-02 -2.10227668e-02  1.31133795e-02
 -2.24028841e-01 -1.66280270e-02 -7.00562000e-02  1.88951790e-01
  1.13202572e-01 -2.21893549e-01  1.75900102e-01 -8.20515752e-02
  3.01972628e-02  6.23217821e-02  1.59979999e-01 -1.34053826e-02
 -1.44464254e-01 -1.36668861e-01 -3.51388976e-02  6.20086789e-02
 -7.12703466e-02 -2.48371363e-02 -1.70357823e-01  1.33919716e-02
 -3.53041291e-02 -1.66592747e-02  1.38131380e-02  2.88354754e-02
  4.11244631e-02  8.67904425e-02 -1.20957136e-01 -3.54862213e-02
 -8.96790028e-02 -2.67803669e-02 -3.96618545e-02  2.35029176e-01
 -1.08028233e-01  1.52280629e-01 -1.43983439e-02 -6.25722408e-02
  3.14778686e-02 -3.53425145e-02 -1.35393620e-01 -5.23365587e-02
 -2.85540223e-02 -4.58720922e-02 -8.48965049e-02 -1.32460594e-02
 -1.14893615e-01  2.68830061e-02 -1.47404552e-01 -8.06009769e-02
 -1.37912035e-01  7.61287808e-02  4.43549156e-02 -9.70730782e-02
  3.22667360e-02  0.00000000e+00 -2.07774937e-01 -1.87614083e-01
 -1.13456190e-01 -1.25676095e-01  1.03044510e-01 -1.49762064e-01
  6.32940531e-02 -3.88610363e-02 -2.19726562e-02 -1.09707534e-01
 -6.67852461e-02 -5.97473979e-02 -7.25369453e-02 -2.21136630e-01
 -6.16769791e-02 -3.43715549e-02  1.47960424e-01 -6.07151762e-02
  8.03111196e-02 -1.58553720e-02  0.00000000e+00 -1.19315267e-01
  1.31057166e-02  1.41030729e-01 -6.75024986e-02 -1.63760871e-01
 -1.40320718e-01  2.10380405e-02  0.00000000e+00 -1.48249805e-01
 -5.96984625e-02  1.03763342e-02  5.95552921e-02 -4.59166467e-02
  1.57298744e-02 -7.31402636e-03  9.67026353e-02 -1.03821874e-01
 -1.31902039e-01  6.13740683e-02 -2.70945132e-01 -1.21833503e-01
 -1.80289268e-01 -1.03358358e-01 -2.02730298e-04  7.16978312e-02
 -2.31883556e-01 -1.19045913e-01 -1.93935037e-02 -1.24156892e-01
 -1.38140202e-01 -8.95427763e-02  3.75104845e-02 -2.51142383e-02
 -8.51380229e-02  5.19959629e-03  1.57167912e-02 -3.07852626e-02]"
81.45608520507812,0.9629629629629629,0.18472313416502517,"[-0.15188801 -0.14610142 -0.0122152   0.06400704 -0.2957457  -0.04816496
 -0.02025223 -0.01054102  0.1708051  -0.12730718  0.22043741 -0.01113868
  0.02201933  0.09545761  0.02288482 -0.11258954  0.00233841 -0.04605651
 -0.02813775  0.26682317 -0.20736814 -0.1340419  -0.126046    0.0136531
  0.04533839 -0.01783974  0.02944386  0.09174106 -0.07171571  0.00297636
 -0.12340215  0.02679279 -0.0516535  -0.01901144 -0.02272618  0.10003
 -0.10944015  0.30251163 -0.01042995 -0.00669909 -0.0465036   0.00036132
 -0.10590672 -0.05060971 -0.05140206  0.01900738  0.03439325  0.02161145
 -0.13950011  0.06221849 -0.1642533   0.03466511 -0.11118728  0.06274623
  0.03388023 -0.10109942  0.0223794   0.         -0.07573956 -0.1610815
  0.00938839 -0.16390622  0.06256723 -0.1654064  -0.10241026 -0.01830798
  0.01191258 -0.10361964 -0.05401623 -0.06234813 -0.07808973 -0.14439702
 -0.09051657 -0.00662082  0.1233691  -0.06028552  0.2684703  -0.00394813
  0.         -0.13042152 -0.08412322  0.1332488  -0.08056194 -0.21332324
 -0.10241812  0.019198    0.          0.00082874  0.10171801  0.06398946
  0.10041577  0.03324953  0.18016094  0.14896214  0.06294149 -0.07227719
 -0.1421979   0.04516655 -0.16727316 -0.07100344 -0.03307927 -0.10354581
 -0.00421794  0.01078629 -0.22723842 -0.05869812 -0.023407   -0.07267034
 -0.08740133 -0.0529533   0.09895743  0.00881374  0.02332801 -0.0914228
  0.05305386 -0.09273392]"
81.46173095703125,0.9444444444444444,0.18581746552856204,"[-0.2298361  -0.22920328  0.04011753  0.03013235 -0.28694147 -0.06415296
  0.03281355 -0.05422658  0.08823824  0.07020724  0.19646204 -0.05695882
  0.05158859  0.08089924 -0.06520534 -0.1029349   0.11796331 -0.00874376
 -0.01096161  0.19447604 -0.3046798  -0.1878891  -0.12111902 -0.03445888
  0.00712341  0.00550249 -0.0184412   0.08460224 -0.10257006 -0.06935203
 -0.08939478  0.00589225  0.00740385  0.02083105 -0.01701289  0.17841825
 -0.14468026  0.24058044 -0.00441232 -0.00555927 -0.13043314  0.02695876
 -0.03845417 -0.02271825 -0.03114024 -0.0617379   0.12503773  0.04666924
 -0.08288647 -0.02990085 -0.11978143  0.11886644 -0.07017606  0.05363053
 -0.02326214 -0.08735889 -0.05375028  0.          0.03388178 -0.09699649
 -0.01371953 -0.16555256  0.08089462 -0.11290461 -0.16752684  0.01446682
  0.03202844 -0.08959472  0.00525209 -0.00770807 -0.04687469 -0.0829252
 -0.07610112 -0.01455432  0.12572062 -0.00688247  0.20876753  0.00048431
  0.         -0.0877614  -0.15852964  0.06491303 -0.03517067 -0.2321701
 -0.03361446  0.04290642  0.          0.17910606  0.10271338  0.08821756
  0.069776   -0.01849973  0.17602095  0.08706653  0.05300456  0.02422678
 -0.18596938  0.08076429 -0.08733845 -0.00642669  0.1399506  -0.08422482
 -0.00358133  0.01972437 -0.12704927  0.00479716  0.00305957 -0.00796342
 -0.02164221 -0.03305802  0.13659506  0.02803671  0.1403445  -0.11147165
  0.05501807 -0.12844712]"
81.45189666748047,0.9814814814814815,0.1862551980739768,"[-0.22482896 -0.23631436  0.07305175  0.01352334 -0.17516518 -0.03346741
  0.10117507 -0.03293067 -0.07804585  0.17254025  0.09419453 -0.09599099
  0.09977233  0.08852854 -0.07591847 -0.00791061  0.08292699  0.0552091
  0.02809666 -0.00388837 -0.28534806 -0.19026577 -0.12602514 -0.05974513
 -0.01195425  0.03700961 -0.12173617  0.08364409 -0.02788478 -0.00173426
 -0.04838139 -0.00508916  0.02011287  0.01025248 -0.06737193  0.19351545
 -0.14371406  0.02525812  0.01545287 -0.03873271 -0.14549077 -0.03865892
  0.01733345  0.0081774   0.04288918 -0.02373916  0.0850662   0.02539754
  0.01724829 -0.11720571 -0.05858654  0.08453155 -0.06042588  0.04384965
 -0.07358956 -0.05500844 -0.15615666  0.          0.0591597  -0.12997931
  0.04509965 -0.03665012  0.09724355  0.01445085 -0.0908668   0.10230178
 -0.01325035 -0.07051182  0.07226001  0.10510242 -0.0099649  -0.12493408
 -0.03515267  0.00845343  0.1256392   0.03985295  0.035878    0.04260875
  0.          0.02222979 -0.17880777 -0.07981288  0.01873344 -0.1938952
  0.0185647   0.07933044  0.          0.2114026  -0.01772922  0.11012506
  0.05869341 -0.15639144  0.04525945 -0.13054514  0.18481499  0.11328232
 -0.13892388  0.11927032 -0.0569374   0.0303492   0.10287616 -0.08399868
 -0.00800288  0.10225546 -0.01121473  0.0346601   0.03812655  0.02863353
  0.01687872 -0.02247715  0.05399694  0.0539      0.2665009  -0.02937763
  0.01457894 -0.03564775]"
81.4569091796875,0.9814814814814815,0.1862551980739768,"[-0.15104139 -0.14959359 -0.004812    0.00427544 -0.00246456  0.03538966
  0.06756639  0.00423723 -0.22730112  0.18443644  0.01776254 -0.13861158
  0.04409975  0.1046252  -0.02282497  0.0036968  -0.03546858  0.09261924
  0.03825359 -0.08217463 -0.19379157 -0.08196783 -0.11146992 -0.03730536
 -0.03054929  0.0105428  -0.14374655  0.07164139 -0.04628706  0.10420579
 -0.07726493 -0.01212597  0.01855731 -0.09806216 -0.08415726  0.15610115
 -0.10753019 -0.06877792  0.02463916 -0.09795606 -0.12545067 -0.09857309
  0.09381819 -0.02127921 -0.02703092 -0.02776289  0.02614903 -0.04132462
  0.08998159 -0.08775109 -0.08789504  0.02234554 -0.07120609  0.06694269
 -0.08358634 -0.06268162 -0.22387457  0.          0.0736385  -0.0903374
  0.05001789 -0.03718388 -0.03060013  0.1729461  -0.09953159  0.10960805
 -0.10168195 -0.02248204  0.04232517  0.10510135 -0.04378879 -0.11825317
 -0.06007832  0.04320008  0.16361737 -0.0168238  -0.01099914  0.09761617
  0.          0.00107956 -0.06265536 -0.1349479  -0.01869345 -0.0023955
  0.08715135  0.0545378   0.          0.1306448  -0.08533365  0.08901531
  0.05509531 -0.23021522 -0.02574569 -0.22575927  0.1852287   0.07169986
 -0.04479703  0.05980706 -0.01959181  0.08677036 -0.02214304 -0.08363742
 -0.01940776  0.06688559  0.24458927  0.08578318  0.0083203   0.08497751
  0.07509589 -0.01916775 -0.02347955  0.0640862   0.33382708 -0.03679243
 -0.03711879  0.06888324]"
81.44859313964844,1.0,0.18647406434668418,"[-0.07340634 -0.10671175 -0.12138811 -0.00635886  0.14938214  0.10321021
  0.07266068  0.01090503 -0.23015964  0.11955082  0.0027051  -0.1492815
 -0.01936752  0.11748829  0.02970994 -0.00796542 -0.11025763  0.11768293
  0.04220968 -0.03621377 -0.14786679  0.11107111 -0.05113006 -0.0568881
 -0.02064574 -0.02058563 -0.08603901  0.08496481 -0.03324968  0.09990641
 -0.11386333 -0.01468003 -0.01185405 -0.15916407 -0.0781723   0.02518302
 -0.03921804 -0.06456709  0.03143431 -0.09087276 -0.1083523  -0.11573809
  0.08899993 -0.05463672 -0.07244433 -0.04646409 -0.09517121 -0.02418613
 -0.02007332 -0.02363095 -0.14727753 -0.00764906 -0.04344058  0.06067908
 -0.04068053 -0.07315771 -0.14148241  0.          0.10510069  0.04371387
  0.03578189 -0.08946514 -0.15268585  0.28882286 -0.09806645  0.04173857
 -0.08258367  0.02126384 -0.03326358  0.05414915 -0.08519849 -0.00541902
 -0.05519646  0.06313038  0.12262177 -0.10133407  0.00093156  0.1421906
  0.         -0.05255687 -0.00337589 -0.03923458 -0.08304328  0.09507375
  0.08360612  0.01996154  0.         -0.02653104 -0.08710617  0.02330643
  0.05547416 -0.21542248 -0.02733773 -0.21503323  0.16128969 -0.00538933
  0.03551912 -0.02583963 -0.01379997  0.0846253  -0.16123766 -0.09031588
 -0.03023887 -0.00938836  0.33340377  0.08586949 -0.03055349  0.08301878
  0.07315463 -0.0060721  -0.06591614  0.04374743  0.19147068 -0.01946323
 -0.0511272   0.02098078]"
81.45613098144531,0.9629629629629629,0.18581746552856204,"[-2.23815441e-02 -9.66441631e-02 -1.42785996e-01 -7.00919032e-02
  2.32787311e-01  1.32556319e-01  1.25636101e-01 -3.97980213e-04
 -1.36934519e-01  5.31084538e-02  1.31995678e-02 -1.32372797e-01
  1.71147585e-02  6.89735115e-02  5.58214486e-02  2.54848301e-02
 -8.97095203e-02  1.00639045e-01  5.58016375e-02 -4.01224792e-02
 -1.42453253e-01  2.45210886e-01  4.90158200e-02 -9.32967067e-02
 -4.33456898e-02  3.72558832e-04  4.17268276e-03  7.03372955e-02
  3.96559238e-02  2.60788500e-02 -7.38337338e-02 -6.91268444e-02
 -5.42234182e-02 -8.46564770e-02 -7.87189007e-02 -1.49733782e-01
 -8.68761539e-03 -7.09452033e-02  3.70704308e-02 -4.31937575e-02
 -7.65727758e-02 -8.39664936e-02 -3.83306146e-02 -3.05148512e-02
 -1.55749917e-03 -3.36424112e-02 -1.75217867e-01  4.49671745e-02
 -1.90009207e-01  7.67225623e-02 -1.28615141e-01  5.00190258e-03
  2.05261707e-02  8.52972269e-03 -4.53519821e-03 -5.43089062e-02
 -1.72270536e-02  0.00000000e+00  1.72233939e-01  1.66552305e-01
  4.68457341e-02 -6.76535964e-02 -1.21059597e-01  2.66451329e-01
 -3.85085940e-02  2.87556052e-02  2.43031979e-02  4.14564610e-02
 -7.50905275e-03  9.38407183e-02 -4.71893549e-02  1.18767023e-01
 -2.09133029e-02  1.65636539e-02  3.86826992e-02 -9.23072696e-02
 -7.14832544e-02  1.13129348e-01  0.00000000e+00 -3.05175781e-05
 -1.19611979e-01  9.01123285e-02 -4.67969775e-02 -4.80675846e-02
 -3.44428420e-02  3.91668603e-02  0.00000000e+00 -1.48674011e-01
 -7.98319280e-02 -6.85564876e-02  1.33413076e-03 -1.66315228e-01
 -2.23128200e-02 -2.09268868e-01  1.95526838e-01  1.16267800e-02
  2.41438150e-02 -8.11010599e-03 -7.02244639e-02 -1.86876655e-02
 -2.20102012e-01 -1.04446203e-01 -2.75191218e-02 -3.33963931e-02
  7.89945126e-02 -8.52793455e-03 -3.93402576e-03 -1.99823380e-02
 -3.17631960e-02  1.55875087e-02 -6.82304949e-02  1.06133223e-02
 -4.92768288e-02  4.72183414e-02 -2.46713758e-02 -1.05194926e-01]"
81.45012664794922,1.0,0.18581746552856204,"[ 0.04997981  0.00513923 -0.1330114  -0.14695835  0.24338675  0.12788725
  0.07952666 -0.01674044 -0.04772329 -0.06804574 -0.10480237 -0.08841199
  0.05987293 -0.02126667  0.10916257  0.03166285 -0.01799226  0.02674645
  0.05581261  0.02691558 -0.06025451  0.14556766  0.14964992  0.00545049
 -0.08419275  0.0199004   0.0831393   0.01795971  0.06380677  0.02803347
 -0.02308311 -0.14428544 -0.09671259 -0.01258731 -0.0826807  -0.42832667
 -0.02667522  0.01728976  0.03420012 -0.09069192 -0.09229898 -0.02170497
 -0.11786866 -0.00667799  0.04872632 -0.10001424 -0.19071418  0.01810145
 -0.2195012   0.02640975 -0.05987525  0.01687288  0.04673159 -0.06058526
 -0.12714517 -0.03959651  0.00653988  0.          0.24750018  0.2811737
 -0.03104675 -0.037633   -0.05457336  0.15042794 -0.00046611  0.03188241
  0.02395594  0.04476136  0.0181542   0.15564466  0.00406104  0.25110948
 -0.03840739 -0.06498426  0.04219508 -0.06217109 -0.04276609  0.02964602
  0.          0.07648563 -0.146041    0.05716771  0.01907092 -0.11374065
 -0.10682774  0.05611167  0.         -0.19841039 -0.01229513 -0.1591959
 -0.07751042 -0.04070163  0.04687583 -0.11375105  0.21944106  0.02890688
 -0.00206357  0.04568493 -0.09136194 -0.07633793 -0.25127965 -0.11626855
 -0.01877975 -0.07015225 -0.08202213 -0.0568375   0.02752081 -0.07726967
 -0.09091604  0.03106859 -0.06691536 -0.01459676 -0.15118456  0.06059187
 -0.05287266 -0.12377453]"
81.45008087158203,0.9814814814814815,0.18647406434668418,"[ 0.10308719  0.1296531  -0.15816694 -0.15384626  0.17327978  0.09868157
 -0.06398058  0.11840814  0.04789007 -0.10817939 -0.13399756 -0.0074192
  0.01831329 -0.05404177  0.13275889 -0.00975326  0.01733971 -0.02111775
  0.02716508  0.0768472   0.04321885  0.09175801  0.19088274  0.10866725
 -0.05332261 -0.01216033  0.11345851  0.04365337  0.00556499  0.08593798
 -0.03225639 -0.14356816 -0.1266303  -0.03008986 -0.09040534 -0.40519914
 -0.01603174  0.10419714  0.02044425 -0.09117186  0.00088143 -0.00107265
 -0.11668903 -0.03696646 -0.02735984 -0.11909893 -0.15224993 -0.07380033
 -0.05058771 -0.01801193 -0.06281847 -0.02860105  0.03012633 -0.11692286
 -0.14666784 -0.05630212  0.04041517  0.          0.26824808  0.23278213
 -0.0566133  -0.06574869 -0.08842282  0.06037009 -0.04014838  0.01720864
 -0.05215049  0.04717553 -0.00716683  0.13902092 -0.00285006  0.22466958
 -0.09344846 -0.09535456  0.04005933 -0.07464111  0.0265398  -0.01367239
  0.          0.05455184 -0.0705972   0.08987564  0.00751978 -0.05015456
 -0.10246891  0.02131887  0.         -0.15142357  0.05890656 -0.20076364
 -0.08672839  0.05730212  0.11947095 -0.02636474  0.16926026  0.03531915
 -0.00059384  0.03089076 -0.05854988 -0.0630312  -0.20923495 -0.11410987
 -0.01465684 -0.13049829 -0.05554801 -0.03683323  0.0024479  -0.06366551
 -0.07824725  0.04252753 -0.10303906 -0.01403975 -0.0730744   0.01017453
 -0.03730595 -0.01978922]"
81.45375061035156,0.9814814814814815,0.1845042678923178,"[ 0.10829139  0.11861867 -0.16235405 -0.1175279   0.03347701  0.06236792
 -0.12482679  0.2834878   0.19246256  0.28118956  0.06644797  0.08008054
 -0.0304262  -0.05727032  0.10848591  0.01852244  0.02270675 -0.06021929
 -0.01160142 -0.06727533  0.07732344  0.10200357  0.08468115  0.08603412
  0.0363611  -0.05222887 -0.01570535  0.1326406   0.00164425  0.03892821
 -0.05161667 -0.08896005 -0.06926525 -0.01751709 -0.08620512 -0.14919665
  0.00366613 -0.00547373  0.00293981 -0.02887928  0.1708172   0.03029066
 -0.07248223 -0.07494896 -0.10738386 -0.01699948  0.2397201  -0.07079983
  0.14949563 -0.00981987 -0.07760054 -0.10924816  0.04424703 -0.12635916
  0.04213238 -0.07773954  0.10005784  0.          0.22370613  0.05240345
  0.0653908  -0.09803969 -0.1120529  -0.04288149 -0.03795797  0.02142352
 -0.01814032  0.08567703 -0.01894261  0.1073662  -0.01877159  0.03310192
 -0.0346272  -0.08580667 -0.07410586 -0.06859991 -0.09122211 -0.04269543
  0.          0.01200545 -0.00598535  0.1384308  -0.02032357 -0.03262033
 -0.06298697 -0.02055692  0.          0.21098745 -0.01134229 -0.16961473
 -0.05287844  0.08909252  0.03007638 -0.14569706  0.10861695  0.0462836
 -0.0412724   0.00453866 -0.04317844 -0.03477341  0.15595543 -0.06423929
 -0.01057875 -0.10375923 -0.02040565 -0.01336122 -0.03177549 -0.03566891
 -0.04948777  0.05780616 -0.16654748 -0.00082594  0.0142141   0.00165349
  0.03434336  0.03988922]"
81.46875762939453,0.9444444444444444,0.18581746552856204,"[ 7.38059282e-02 -5.67508340e-02 -4.50063348e-02 -8.45464468e-02
 -1.13003239e-01  4.21015024e-02 -2.81581879e-02  1.50707126e-01
  6.24212027e-02  2.96827257e-01 -5.39662838e-02  5.83852828e-02
  2.72896290e-02 -6.99760020e-02  5.12099564e-02  1.25548393e-01
 -1.12128973e-01 -9.22240615e-02 -2.10312903e-02 -1.99880466e-01
  2.70397663e-02 -5.42650223e-02 -6.47277832e-02 -1.54135644e-01
  8.88440609e-02 -2.91683003e-02 -1.55441046e-01  1.65040314e-01
  9.79294777e-02 -1.27920508e-01 -1.75133348e-03 -4.58295941e-02
 -1.42956972e-02  1.19495749e-01 -2.12683082e-02 -5.69967330e-02
 -7.86773264e-02 -2.63000131e-02 -5.88341057e-03 -5.45309782e-02
 -4.13259268e-02 -5.97449541e-02  6.32697344e-03 -4.82898504e-02
 -2.40240097e-02  1.37057900e-02  2.86883771e-01  5.64861298e-02
  1.73287705e-01 -1.63833067e-01  2.01899409e-02 -2.52024293e-01
  1.19330764e-01 -8.80541205e-02  6.48045540e-02 -6.34716749e-02
  2.83954144e-02  0.00000000e+00  4.65837717e-02 -2.20224559e-01
  1.23471230e-01 -8.65779519e-02  3.23217362e-02 -7.49620497e-02
  6.38260245e-02  6.98277354e-02  1.42361045e-01  1.60678625e-01
  3.81425470e-02  1.58796906e-01  3.30080986e-02 -2.27698565e-01
  1.44377172e-01 -3.70109677e-02 -3.22984099e-01  4.88698483e-03
 -1.52803242e-01 -1.82097182e-02  0.00000000e+00  9.33400393e-02
  9.88608003e-02 -1.33889019e-02  5.28764725e-02  7.01942816e-02
  9.98520851e-03  8.95276666e-04  0.00000000e+00  1.63011312e-01
 -2.85512507e-02 -7.93373585e-02 -1.72833204e-02 -2.39705741e-02
  6.72441721e-03 -1.76252067e-01  9.54121351e-02  1.03549004e-01
 -3.37918997e-02  7.64608383e-02 -5.48726320e-03  2.85191536e-02
  9.22287405e-02 -3.71769071e-03 -1.09747052e-04 -8.40273499e-03
  1.02271616e-01  4.61063981e-02  3.20889056e-03  2.74548531e-02
  1.42675638e-02  7.42560029e-02 -2.69675165e-01  4.13715839e-02
  1.05202198e-04  4.27452624e-02  2.31636763e-02 -4.88689542e-02]"
81.4520263671875,1.0,0.18669293061939154,"[ 3.86810303e-02 -5.33169508e-02 -1.52980626e-01 -9.28746462e-02
 -1.97416723e-01  2.67449617e-02 -9.33511257e-02  5.31584024e-03
 -1.89781189e-03  1.54924273e-01 -1.60977483e-01 -5.12780547e-02
  2.31320262e-02 -1.04238167e-01  3.40202451e-03  4.24615145e-02
 -9.11231041e-02 -7.38152266e-02  2.51789019e-02 -1.57087594e-01
  1.67734027e-02 -1.81699634e-01 -9.56099033e-02 -1.80859327e-01
  4.88485098e-02  3.29360366e-03 -1.79084539e-01  1.32126331e-01
  8.35453868e-02 -1.18651152e-01  3.11039090e-02 -4.56382632e-02
  7.95822144e-02  1.12506509e-01  1.15304023e-01 -1.57880574e-01
 -1.25749230e-01  1.28741384e-01 -8.04662704e-05 -7.77674317e-02
 -1.97884142e-01 -5.95845580e-02  8.01984072e-02 -7.73852319e-03
 -2.92388797e-02 -8.46821070e-02  1.87091887e-01 -5.34739494e-02
  1.21418849e-01 -2.37628192e-01 -2.18949318e-02 -2.68234015e-01
  7.28163719e-02 -1.66804790e-02 -8.26060772e-03  5.73045015e-03
  1.73819065e-03  0.00000000e+00 -1.09305620e-01 -1.22973800e-01
 -3.39633226e-03 -1.46401227e-01 -2.90632844e-02 -2.03730375e-01
 -2.90461183e-02 -4.36230898e-02  6.82032108e-03  2.39411533e-01
  1.47815645e-02  1.78118110e-01  6.29317164e-02 -1.30249739e-01
  1.36612833e-01 -2.76197195e-02 -3.31622601e-01 -2.12455764e-02
 -1.39956474e-02 -7.28954524e-02  0.00000000e+00  3.19716930e-02
  1.84374690e-01 -1.68881297e-01  5.97456098e-02  1.60451293e-01
  8.08584094e-02  3.48443091e-02  0.00000000e+00 -3.98844481e-02
  5.23652434e-02 -2.65989304e-02 -1.45261288e-02 -4.15420532e-02
  8.08569789e-02 -2.30711102e-02  4.11109328e-02  2.58364677e-02
 -1.43701732e-01  5.29434085e-02  2.52765417e-02  9.18448567e-02
  2.43784785e-02  6.27080202e-02  9.94157791e-03 -7.12842345e-02
  2.46100456e-01  1.01399601e-01  4.57306504e-02  9.06293988e-02
  7.96468258e-02  5.59508204e-02 -2.29972839e-01  9.09522176e-02
  4.37915325e-04  1.39874183e-02 -2.90364027e-02 -1.00517750e-01]"
81.45771026611328,0.9629629629629629,0.18647406434668418,"[ 0.00975764  0.15095305 -0.21771419 -0.06632817 -0.2213856  -0.00588298
 -0.19349718  0.06264353  0.08788323  0.04299378 -0.06472611 -0.14250559
 -0.04513961 -0.09184557 -0.0321919  -0.07981652  0.02723861 -0.02494264
  0.04631336 -0.14771098  0.06202394 -0.09846747  0.02438211  0.06494772
  0.0402422  -0.00824015 -0.04456997  0.13171196 -0.01650262  0.04642081
  0.00870448 -0.01238447  0.12008011  0.02877104  0.20351046 -0.05625632
 -0.09304127  0.15586507 -0.00057024 -0.08320242 -0.13548476 -0.03780621
  0.01111305 -0.0133242  -0.11759365 -0.05623373  0.05688596 -0.16893697
  0.17830369 -0.10691558 -0.12238729 -0.14793396  0.0117085  -0.01502007
  0.06453931  0.0378124   0.0909754   0.         -0.14854121 -0.01802325
 -0.00779191 -0.24178183 -0.17292222 -0.21490061 -0.18301171 -0.08994645
 -0.13007379  0.23980528 -0.0779819   0.11241627  0.03703946 -0.02918619
  0.03957969  0.01179087 -0.05243623 -0.07091919 -0.01679564 -0.07195757
  0.         -0.11690831  0.07278369 -0.09172809 -0.03816515  0.01196733
  0.01362091  0.02529112  0.         -0.23658997  0.05918252 -0.0049898
  0.01992202 -0.06938174  0.07879519  0.00961673 -0.02967602 -0.04330033
 -0.19416949 -0.0081026  -0.02831846  0.02583486  0.04515401  0.08543038
  0.01152922 -0.14320499  0.0577597   0.03181845  0.03653486  0.02450627
  0.01435548  0.0280214  -0.0506883   0.10802019  0.05671883 -0.04698488
 -0.07490635 -0.03897142]"
81.46257781982422,1.0,0.18669293061939154,"[-6.75535202e-02  1.91206098e-01 -1.13017291e-01 -2.13593841e-02
 -1.82031080e-01 -9.82443094e-02 -1.37112379e-01  7.14933276e-02
  1.51930571e-01  1.92639530e-02  3.51794958e-02 -1.83408648e-01
  1.99576616e-02 -3.53793055e-02 -7.04019070e-02 -5.42967618e-02
  8.64706039e-02 -7.85530210e-02  8.38638768e-02 -4.06141758e-01
  3.45576406e-02  8.09444189e-02  1.52901530e-01  1.62239075e-01
  5.71899414e-02  3.00941914e-02  9.52901840e-02  1.67183638e-01
 -3.11986804e-02  5.66030145e-02  4.92105484e-02  3.23945284e-02
 -8.47913027e-02  7.59335756e-02  8.50778818e-02  3.52287292e-03
 -3.28985751e-02 -1.63244247e-01  5.54969907e-03 -2.48640180e-02
 -4.93020415e-02 -5.64938784e-02 -2.35728621e-02  3.11555490e-02
  4.20642793e-02  3.29067111e-02 -3.66531014e-02 -1.48586273e-01
  9.51869041e-02  4.49602008e-02 -9.30002332e-02 -7.03629255e-02
  2.37443447e-02 -1.98662221e-01  1.70714498e-01  8.62238556e-02
  2.09433317e-01  0.00000000e+00 -1.26907706e-01  7.79600143e-02
  4.08854783e-02 -1.97200716e-01 -8.82358253e-02 -4.27764207e-02
 -1.59186423e-01 -2.70388722e-02 -1.43467307e-01  9.08201933e-02
 -1.86576843e-02  1.33653998e-01  7.37177730e-02 -3.26561928e-03
  8.61936808e-03  7.32452273e-02  8.12919140e-02 -2.24649012e-02
 -2.26910472e-01 -2.49672681e-02  0.00000000e+00 -1.16704702e-01
 -6.27192259e-02  7.80447721e-02 -1.01965666e-02 -7.97379166e-02
 -4.02570367e-02  6.28842562e-02  0.00000000e+00 -3.58751714e-01
 -3.18070889e-01 -1.35747194e-02  7.08738565e-02 -1.89600170e-01
 -2.99939662e-01 -3.21540534e-01 -2.78711319e-04  2.97327638e-02
 -1.79587319e-01  5.97310662e-02 -1.35655701e-01 -6.97531700e-02
  6.38834834e-02 -4.03049588e-03  1.36631429e-02 -8.89920294e-02
  8.23864341e-03 -9.53937769e-02  8.91026556e-02 -7.27805495e-02
 -7.52042532e-02 -1.18115395e-02  6.74220324e-02  5.61131835e-02
  3.62992287e-05 -3.59034240e-02 -1.61803365e-02 -1.17228568e-01]"
81.50936126708984,0.9629629629629629,0.1860363318012694,"[-0.12378144  0.02873027 -0.06301111 -0.01576144 -0.13696311 -0.16277349
 -0.01432061 -0.05449897  0.06708884 -0.01726043 -0.02386844 -0.23168838
  0.03403145 -0.01743189 -0.0973528   0.00097263  0.10704732 -0.12326682
  0.09270674 -0.28232956 -0.0352909   0.06041718  0.15366435  0.05037415
  0.01034373  0.01718651  0.08540559  0.13222522 -0.00758362 -0.06678811
  0.03872645  0.01997441 -0.1893413   0.10086536 -0.04551643  0.00953969
 -0.02887976 -0.1370259   0.00518465 -0.00805214 -0.01488805 -0.00268668
  0.01966524  0.023746    0.12672085 -0.02676126  0.14503306 -0.01030207
 -0.06171511  0.05633765 -0.10462832 -0.04534173  0.06638968 -0.32236367
  0.09317374  0.09659331  0.22894526  0.         -0.15109313  0.21951479
 -0.04845166 -0.17328113 -0.04969767  0.13005099 -0.1111185  -0.01360208
 -0.00229979 -0.03887212 -0.00345476 -0.06920552  0.06179804  0.14123172
  0.02502203  0.1213927   0.00118852 -0.00750136 -0.00741813  0.00253311
  0.         -0.15016353 -0.05478379  0.11162364 -0.02473271  0.05860563
 -0.00923097  0.04714119  0.         -0.39222896 -0.44422254  0.0009979
  0.0706827  -0.13131142 -0.401052   -0.30806667 -0.0227896   0.04616767
 -0.11527181  0.09783721 -0.15935087 -0.05720943  0.01812321 -0.05321917
  0.00602111 -0.03010854  0.21944308 -0.10057944  0.08888651 -0.0598256
 -0.05797857 -0.02877875  0.1062569  -0.00276214 -0.1537795   0.00102606
  0.00760949 -0.24617922]"
81.46338653564453,0.9814814814814815,0.1862551980739768,"[-0.09370172 -0.11215627 -0.06093737 -0.11381721 -0.05468592 -0.1433301
  0.02479434 -0.18486387 -0.11076057 -0.16333711 -0.21202922 -0.26882243
 -0.02935934 -0.10759471 -0.07970467  0.04688287  0.04721189 -0.06930423
  0.06390955  0.01577228 -0.03005522 -0.10250944  0.10363674 -0.05136383
 -0.13414812 -0.04603237  0.00642478  0.01418847 -0.037067   -0.11422059
 -0.01864886 -0.10640979 -0.14103246  0.02788979 -0.04363388  0.06183715
 -0.10856616  0.18219304 -0.00674608 -0.01956147  0.00718057 -0.02571148
 -0.00082278 -0.03885288  0.0791702  -0.12768084  0.05087638  0.063344
 -0.11746922 -0.03304198 -0.1436522  -0.06312335  0.07004952 -0.274454
 -0.0846386   0.07004777  0.17141438  0.         -0.26289785  0.22314352
 -0.16924004 -0.17759508 -0.0966472   0.07989612 -0.08222187 -0.04385081
  0.07816696 -0.05755424 -0.02717636 -0.17104053  0.00541854  0.20759451
 -0.01896137  0.05869433 -0.07674015 -0.01571878  0.10486233 -0.0694333
  0.         -0.21184242 -0.13947341  0.04328412 -0.06750584 -0.13505629
  0.00074667 -0.01945625  0.         -0.5272621  -0.1425061   0.04768658
 -0.04486936 -0.09868181 -0.08151627  0.03157794 -0.06217182  0.01973444
 -0.15812212  0.05654359 -0.03080416  0.01024002 -0.20650947 -0.03524956
 -0.00743251  0.01115003 -0.06591967  0.01722986  0.03519532  0.00878805
 -0.00181335 -0.02571644  0.08904026 -0.00222421 -0.20155436  0.01455384
  0.02295375 -0.24974197]"
